Unnamed: 0,Make,Model,Price,Year,Kilometer,Fuel Type,Transmission,Owner,Seller Type,Drivetrain,Length,Width,Height,Seating Capacity,Fuel Tank Capacity,Base_Model,Power_weight_ratio,power_torque_ratio,estimated_acceleration,torque_to_engine,engine_stress,specific_power,specific_torque,rpm_efficiency,norm_power,norm_torque,performance_index,Brand_Category
1400,0.4,10.2,225000,2013,87000,0.2,0.2,0.1,0.3,0.2,3795.0,1680.0,1427.0,5.0,45.0,3.5,0.04765241765942537,0.425,0.01098901098901099,0.11436740528949249,2.0,48.60614724803431,114.3674052894925,2000.0,0.017,0.08,124.8,0.1
1401,1.6,11.2,3100000,2019,24000,0.5,0.1,0.1,0.3,0.2,4424.0,1804.0,1494.0,5.0,50.0,3.8,0.12115127175368139,0.6033333333333334,0.004744958481613286,0.15067805123053743,4.583333333333333,90.9090909090909,150.67805123053742,4300.0,0.03290909090909091,0.25,274.43333333333334,0.2
1402,1.5,16.3,950000,2020,55055,0.2,0.2,0.1,0.3,0.2,4300.0,1785.0,1595.0,5.0,48.0,6.9,0.05579937304075235,0.445,0.008565310492505354,0.16025641025641027,2.2857142857142856,71.31410256410257,160.25641025641025,2250.0,0.02225,0.11428571428571428,156.25714285714287,0.1
1403,0.5,4.5,400000,2013,76000,0.5,0.2,0.1,0.3,0.2,4440.0,1695.0,1485.0,5.0,42.0,1.7,0.07811447811447811,0.7945205479452054,0.008097165991902834,0.09752839011356046,1.375,77.4883099532398,97.52839011356045,1800.0,0.017575757575757574,0.030416666666666668,141.75,0.3
1404,1.5,3.5,390000,2015,70000,0.5,0.1,0.1,0.3,0.2,3600.0,1600.0,1560.0,5.0,35.0,1.5,0.04294871794871795,0.7444444444444445,0.013745704467353952,0.09018036072144289,1.7142857142857142,67.13426853707415,90.18036072144288,2500.0,0.011166666666666667,0.025714285714285714,93.34285714285713,0.1
1405,0.2,0.2,3750000,2019,42500,0.2,0.1,0.1,0.3,0.3,4624.0,2031.0,1429.0,5.0,47.5,0.1,0.12876137158852344,0.4842105263157895,0.004291845493562232,0.19047619047619047,2.2857142857142856,92.23057644110276,190.47619047619045,2250.0,0.046,0.21714285714285714,285.2571428571428,0.2
1406,1.6,7.2,7475000,2021,13000,0.2,0.1,0.1,0.3,0.3,5063.0,1860.0,1494.0,5.0,80.0,2.4,0.1285140562248996,0.48,0.004098360655737705,0.20512820512820512,2.375,98.46153846153847,205.12820512820514,2200.0,0.05052631578947368,0.25,298.95,0.2
1407,1.6,15.8,2485000,2012,44724,0.5,0.1,0.1,0.3,0.1,5157.0,2183.0,1659.0,7.0,80.0,6.5,0.16395418927064498,0.7771428571428571,0.003430531732418525,0.10011441647597254,1.2,77.80320366132723,100.11441647597255,1000.0,0.04533333333333334,0.07,315.2,0.2
1408,1.5,3.9,600000,2017,86000,0.2,0.2,0.3,0.3,0.2,4490.0,1730.0,1485.0,5.0,43.0,1.6,0.059932659932659935,0.445,0.008565310492505354,0.16025641025641027,2.2857142857142856,71.31410256410257,160.25641025641025,2250.0,0.02225,0.11428571428571428,156.25714285714287,0.1
1409,0.5,13.9,570000,2017,92270,0.5,0.2,0.1,0.3,0.2,3955.0,1694.0,1544.0,5.0,40.0,5.0,0.05764248704663212,0.8090909090909091,0.010610079575596816,0.09174311926605505,1.25,74.22852376980816,91.74311926605505,1200.0,0.014833333333333334,0.022916666666666665,109.9,0.3
1410,1.5,18.8,299000,2013,47000,0.5,0.2,0.1,0.3,0.2,3850.0,1695.0,1530.0,5.0,42.0,7.9,0.05555555555555555,0.7456140350877193,0.01084010840108401,0.09523809523809523,1.5,71.0108604845447,95.23809523809523,2000.0,0.014166666666666666,0.0285,111.6,0.1
1411,0.6,6.4,1625000,2022,27800,0.2,0.2,0.1,0.3,0.2,4300.0,1790.0,1635.0,5.0,50.0,2.1,0.0691131498470948,0.452,0.006791171477079796,0.16744809109176156,2.6666666666666665,75.68653717347621,167.44809109176154,2500.0,0.02825,0.16666666666666666,194.46666666666667,0.1
1412,1.5,1.9,140000,2009,65000,0.5,0.2,0.4,0.3,0.2,3495.0,1475.0,1460.0,5.0,35.0,0.7,0.03219178082191781,0.7580645161290323,0.019704433497536946,0.07788944723618091,2.4,59.04522613065326,77.8894472361809,2450.0,0.01119047619047619,0.03542857142857143,77.0,0.1
1413,1.9,3.2,16200000,2022,2766,0.5,0.1,0.1,0.3,0.1,4931.0,1983.0,1676.0,4.0,75.0,1.4,0.19988066825775655,0.7444444444444445,0.0027491408934707906,0.15025041736227046,3.955223880597015,111.85308848080133,150.25041736227044,3960.0,0.06320754716981132,0.3358208955223881,420.55223880597015,0.2
1414,1.6,11.4,6600000,2021,16785,0.5,0.1,0.1,0.3,0.3,4658.0,1890.0,1644.0,5.0,66.0,3.9,0.11800486618004866,0.60625,0.004434589800443459,0.1607232546459066,3.3333333333333335,97.43847312908086,160.72325464590656,3850.0,0.035272727272727275,0.19393939393939394,277.7333333333333,0.2
1415,0.4,8.0,625000,2019,48422,0.5,0.2,0.1,0.3,0.2,3998.0,1765.0,1647.0,5.0,52.0,2.6,0.0734669095324833,0.8066666666666666,0.007797270955165692,0.10020040080160321,1.4444444444444444,80.82832331329325,100.2004008016032,2000.0,0.018615384615384617,0.03333333333333333,147.04444444444445,0.1
1416,2.4,10.3,3290000,2018,51000,0.2,0.1,0.1,0.3,0.3,4795.0,1855.0,1835.0,7.0,80.0,3.6,0.09482288828337875,0.38666666666666666,0.00411522633744856,0.16333938294010888,2.125,63.15789473684211,163.3393829401089,1800.0,0.051176470588235295,0.28125,305.65,0.3
1417,2.6,20.0,2000000,2016,6000,0.2,0.1,0.1,0.3,0.2,4370.0,1783.0,1458.0,5.0,60.0,8.4,0.102880658436214,0.42857142857142855,0.005,0.17641129032258066,2.3333333333333335,75.60483870967742,176.41129032258064,2000.0,0.04285714285714286,0.23333333333333334,253.33333333333334,0.1
1418,1.6,7.1,2400000,2016,60000,0.5,0.1,0.3,0.3,0.3,4879.0,1854.0,1474.0,5.0,80.0,2.4,0.1248303934871099,0.6133333333333333,0.004694835680751174,0.15067805123053743,4.583333333333333,92.41587142139628,150.67805123053742,4300.0,0.03345454545454545,0.25,276.2333333333333,0.2
1419,1.5,3.8,823000,2018,90000,0.5,0.1,0.1,0.3,0.2,4490.0,1730.0,1485.0,5.0,43.0,1.6,0.06936026936026936,0.7463768115942029,0.008948545861297539,0.09439124487004104,1.3636363636363635,70.4514363885089,94.39124487004104,1600.0,0.017166666666666667,0.031363636363636364,130.63636363636363,0.1
1420,0.6,6.0,800000,2015,90000,0.2,0.2,0.1,0.3,0.2,4270.0,1780.0,1630.0,5.0,60.0,2.1,0.07730061349693251,0.47547169811320755,0.006220839813374806,0.1675094816687737,2.1052631578947367,79.64601769911503,167.5094816687737,2100.0,0.0315,0.1394736842105263,202.65263157894736,0.1
1421,2.4,10.4,4300000,2021,60000,0.2,0.1,0.1,0.3,0.1,4795.0,1855.0,1835.0,7.0,80.0,3.6,0.09482288828337875,0.38666666666666666,0.00411522633744856,0.16333938294010888,2.125,63.15789473684211,163.3393829401089,1800.0,0.051176470588235295,0.28125,305.65,0.3
1422,0.5,5.1,1050000,2017,29386,0.5,0.1,0.3,0.3,0.2,4440.0,1695.0,1495.0,5.0,40.0,1.7,0.0782608695652174,0.8068965517241379,0.008064516129032258,0.09686038744154976,1.434782608695652,78.1563126252505,96.86038744154976,2000.0,0.017727272727272727,0.03152173913043478,142.54782608695652,0.3
1423,2.3,13.2,1000000,2018,38000,0.2,0.2,0.1,0.3,0.3,4788.0,1903.0,1791.0,7.0,60.0,4.8,0.0826353992183138,0.4625,0.005235602094240838,0.14685635612666362,2.3529411764705883,67.92106470858192,146.85635612666363,2300.0,0.037,0.18823529411764706,240.3294117647059,0.1
1424,1.0,6.8,2785000,2016,120000,0.2,0.1,0.1,0.3,0.1,4838.0,1915.0,1837.0,7.0,82.0,2.3,0.13336962438758845,0.4083333333333333,0.00299625468164794,0.20046775810223855,2.0,81.85766789174741,200.46775810223858,2000.0,0.06125,0.3,407.0,0.2
1425,1.5,21.7,285000,2013,25200,0.5,0.2,0.1,0.3,0.2,3539.0,1475.0,1700.0,5.0,35.0,9.0,0.04,0.7555555555555555,0.013605442176870748,0.09018036072144289,2.4,68.13627254509018,90.18036072144288,2450.0,0.01619047619047619,0.05142857142857143,100.8,0.1
1426,1.5,16.6,185000,2010,64000,0.5,0.2,0.1,0.3,0.2,4490.0,1735.0,1560.0,5.0,50.0,7.1,0.06538461538461539,0.7034482758620689,0.008869179600886918,0.0914249684741488,2.4,64.31273644388398,91.4249684741488,2450.0,0.024285714285714285,0.08285714285714285,143.2,0.1
1427,1.4,19.6,1950000,2022,4500,0.2,0.1,0.1,0.3,0.1,3985.0,1820.0,1844.0,4.0,57.0,8.1,0.07049891540130152,0.43333333333333335,0.005797101449275362,0.13736263736263737,2.34375,59.52380952380952,137.36263736263734,2150.0,0.034666666666666665,0.1875,221.4375,0.1
1428,0.2,0.1,800000,2012,75576,0.2,0.1,0.3,0.3,0.2,4375.0,1770.0,1544.0,5.0,47.5,0.1,0.07480569948186529,0.5775,0.007319304666056725,0.13360053440213762,2.4,77.15430861723446,133.6005344021376,2450.0,0.0275,0.11428571428571428,173.3,0.2
1429,1.5,2.0,260000,2012,54000,0.5,0.2,0.1,0.3,0.2,3620.0,1475.0,1460.0,5.0,35.0,0.7,0.04589041095890411,0.7444444444444445,0.013745704467353952,0.09018036072144289,1.7714285714285714,67.13426853707415,90.18036072144288,2700.0,0.010806451612903226,0.025714285714285714,93.91428571428571,0.1
1430,1.5,2.4,715000,2021,16000,0.5,0.2,0.1,0.3,0.2,3995.0,1745.0,1500.0,5.0,37.0,0.9,0.05533333333333333,0.7217391304347827,0.01098901098901099,0.0960735171261487,1.5,69.34001670843776,96.0735171261487,2000.0,0.013833333333333333,0.02875,110.8,0.1
1431,0.2,0.4,2250000,2014,88000,0.2,0.1,0.4,0.3,0.3,4899.0,2094.0,1464.0,5.0,47.5,0.2,0.12568306010928962,0.4842105263157895,0.004291845493562232,0.19047619047619047,2.2857142857142856,92.23057644110276,190.47619047619045,2250.0,0.046,0.21714285714285714,285.2571428571428,0.2
1432,2.4,13.5,2200000,2018,57000,0.2,0.1,0.1,0.3,0.3,4735.0,1830.0,1795.0,7.0,55.0,4.9,0.0958217270194986,0.4777777777777778,0.0045662100456621,0.1306715063520871,2.8333333333333335,62.43194192377496,130.6715063520871,2200.0,0.05058823529411765,0.3,275.5333333333333,0.3
1433,0.6,9.3,315000,2013,45000,0.5,0.2,0.1,0.3,0.2,3515.0,1500.0,1510.0,5.0,32.0,3.0,0.045033112582781455,0.723404255319149,0.013422818791946308,0.09418837675350701,1.7714285714285714,68.13627254509018,94.18837675350701,2700.0,0.01096774193548387,0.026857142857142857,96.11428571428573,0.1
1434,1.5,21.4,640000,2016,52000,0.2,0.2,0.3,0.3,0.2,3995.0,1790.0,1640.0,5.0,48.0,8.8,0.05426829268292683,0.445,0.008565310492505354,0.16025641025641027,2.2857142857142856,71.31410256410257,160.25641025641025,2250.0,0.02225,0.11428571428571428,156.25714285714287,0.1
1435,1.4,19.7,1800000,2021,17000,0.2,0.2,0.1,0.3,0.1,3985.0,1820.0,1844.0,4.0,57.0,8.1,0.07049891540130152,0.43333333333333335,0.005797101449275362,0.13736263736263737,2.34375,59.52380952380952,137.36263736263734,2150.0,0.034666666666666665,0.1875,221.4375,0.1
1436,0.5,3.1,250000,2006,119300,0.5,0.1,0.4,0.3,0.1,4630.0,1780.0,1710.0,5.0,58.0,1.3,0.08888888888888889,0.7069767441860465,0.005961251862891207,0.0913338997451147,2.4,64.57094307561597,91.33389974511469,2450.0,0.03619047619047619,0.12285714285714286,201.2,0.3
1437,0.1,0.8,2250000,2016,40500,0.2,0.1,0.1,0.3,0.2,4456.0,1796.0,1416.0,5.0,50.0,0.3,0.09957627118644068,0.440625,0.005383580080753701,0.16260162601626016,2.0,71.64634146341463,162.60162601626016,1750.0,0.040285714285714286,0.18285714285714286,232.6,0.2
1438,1.6,7.5,1750000,2014,59000,0.2,0.1,0.1,0.3,0.3,4879.0,1854.0,1474.0,5.0,80.0,2.4,0.1383989145183175,0.408,0.0035971223021582736,0.2333177788147457,2.625,95.19365375641625,233.3177788147457,2600.0,0.04857142857142857,0.3125,348.65,0.2
1439,1.5,18.9,520000,2018,40000,0.5,0.2,0.3,0.3,0.2,3850.0,1695.0,1530.0,5.0,42.0,7.9,0.0542483660130719,0.7217391304347827,0.01098901098901099,0.0960735171261487,1.5,69.34001670843776,96.0735171261487,2000.0,0.013833333333333333,0.02875,110.8,0.1
1440,1.4,19.4,1850000,2021,23280,0.5,0.2,0.3,0.3,0.1,3985.0,1820.0,1920.0,6.0,57.0,8.1,0.078125,0.5,0.005333333333333333,0.15022533800701052,4.0,75.11266900350526,150.22533800701052,3750.0,0.03,0.24,250.0,0.1
1441,1.6,7.4,6225000,2019,42079,0.2,0.1,0.1,0.3,0.3,5063.0,1860.0,1494.0,5.0,80.0,2.4,0.1706827309236948,0.4112903225806452,0.002888086642599278,0.20756611985269502,2.125,85.36993639102778,207.566119852695,1800.0,0.075,0.3875,422.25,0.2
1442,0.6,16.8,145000,2009,72000,0.1,0.2,0.3,0.3,0.2,3565.0,1525.0,1590.0,5.0,35.0,7.3,0.0389937106918239,0.6458333333333334,0.014184397163120567,0.08839779005524862,1.8333333333333333,57.0902394106814,88.3977900552486,2500.0,0.011272727272727273,0.032,93.93333333333332,0.1
1443,1.4,23.5,2048999,2020,45350,0.2,0.1,0.1,0.3,0.2,4585.0,1890.0,1785.0,7.0,70.0,10.0,0.08571428571428572,0.425,0.004884004884004884,0.16521340064249657,2.142857142857143,70.21569527306104,165.21340064249657,2000.0,0.0408,0.2057142857142857,257.22857142857146,0.1
1444,0.9,17.9,1550000,2019,17000,0.5,0.2,0.1,0.3,0.2,4315.0,1800.0,1645.0,5.0,50.0,7.5,0.08389057750759879,0.5702479338842975,0.006097560975609756,0.17886178861788618,4.0,101.99556541019956,178.8617886178862,4500.0,0.023,0.16133333333333333,219.60000000000002,0.3
1445,1.4,17.1,950000,2018,41000,0.2,0.2,0.1,0.3,0.3,4456.0,1820.0,1930.0,8.0,60.0,7.4,0.038860103626943004,0.375,0.009411764705882352,0.07927070947284978,2.2857142857142856,29.726516052318665,79.27070947284977,1800.0,0.0234375,0.14285714285714285,147.85714285714286,0.1
1446,0.7,23.0,3150000,2014,66500,0.2,0.1,0.1,0.3,0.3,5252.0,1899.0,1457.0,5.0,83.0,9.7,0.18599862731640357,0.45166666666666666,0.0028308563340410475,0.20046775810223855,2.0,90.54460407617775,200.46775810223858,2000.0,0.06775,0.3,422.6,0.2
1447,1.5,2.4,685000,2017,58146,0.5,0.2,0.1,0.3,0.2,3995.0,1745.0,1500.0,5.0,37.0,0.9,0.05533333333333333,0.7217391304347827,0.01098901098901099,0.0960735171261487,1.5,69.34001670843776,96.0735171261487,2000.0,0.013833333333333333,0.02875,110.8,0.1
1448,2.5,15.2,484999,2013,78000,0.2,0.2,0.3,0.3,0.2,3970.0,1682.0,1453.0,5.0,45.0,6.1,0.05092911218169305,0.4111111111111111,0.009950248756218905,0.1501251042535446,2.1,61.71809841534612,150.1251042535446,2200.0,0.017619047619047618,0.09,137.4,0.3
1449,1.9,3.3,5350000,2015,58000,0.2,0.1,0.1,0.3,0.1,4846.0,2155.0,1705.0,5.0,85.0,1.4,0.1436950146627566,0.44545454545454544,0.0031128404669260703,0.18537243006403775,1.6,82.57499157398045,185.37243006403773,1650.0,0.05568181818181818,0.2,383.0,0.2
1450,1.4,17.4,1270000,2019,61805,0.2,0.2,0.1,0.3,0.3,4456.0,1820.0,1995.0,7.0,60.0,7.4,0.07017543859649122,0.4375,0.005405405405405406,0.14685635612666362,2.5,64.24965580541533,146.85635612666363,2250.0,0.037333333333333336,0.21333333333333335,237.0,0.1
1451,1.6,11.3,2275000,2016,61109,0.2,0.1,0.3,0.3,0.2,4424.0,1804.0,1494.0,5.0,50.0,3.8,0.08969210174029452,0.44666666666666666,0.005698005698005698,0.1399906672888474,2.25,62.52916472235185,139.99066728884742,2000.0,0.03722222222222222,0.1875,222.89999999999998,0.2
1452,1.5,9.9,135000,2008,72542,0.5,0.2,0.1,0.3,0.2,3495.0,1495.0,1595.0,5.0,35.0,3.2,0.04012539184952978,0.7619047619047619,0.014492753623188406,0.07917059377945335,2.4,60.32045240339303,79.17059377945336,2450.0,0.015238095238095238,0.048,96.0,0.1
1453,1.6,2.7,2650000,2017,70000,0.2,0.1,0.3,0.3,0.3,4686.0,1810.0,1442.0,5.0,66.0,1.1,0.11650485436893204,0.42,0.004424778761061947,0.18665422305179655,2.142857142857143,78.39477368175456,186.65422305179658,1600.0,0.056,0.2857142857142857,282.22857142857146,0.2
1454,1.5,1.6,265000,2017,52100,0.5,0.2,0.1,0.3,0.2,3395.0,1490.0,1475.0,5.0,35.0,0.7,0.031864406779661014,0.6811594202898551,0.01904761904761905,0.08668341708542714,1.7142857142857142,59.04522613065326,86.68341708542714,2500.0,0.007833333333333333,0.019714285714285715,72.94285714285714,0.1
1455,0.6,20.7,799000,2018,79800,0.2,0.2,0.1,0.3,0.2,4375.0,1700.0,1475.0,5.0,43.0,8.7,0.08542372881355932,0.4846153846153846,0.006269592476489028,0.16434892541087232,2.1052631578947367,79.64601769911503,164.3489254108723,2100.0,0.0315,0.1368421052631579,200.65263157894736,0.1
1456,1.5,8.3,509999,2019,40000,0.5,0.2,0.1,0.3,0.3,3675.0,1475.0,1800.0,7.0,40.0,2.7,0.04055555555555555,0.7227722772277227,0.0125,0.08444816053511706,2.0,61.03678929765886,84.44816053511705,3000.0,0.012166666666666666,0.033666666666666664,104.2,0.1
1457,0.6,12.2,695000,2020,18000,0.1,0.2,0.1,0.3,0.2,3805.0,1680.0,1520.0,5.0,60.0,4.4,0.04473684210526316,0.7157894736842105,0.013377926421404682,0.07936507936507936,1.5,56.808688387635755,79.36507936507937,2000.0,0.011333333333333334,0.02375,93.8,0.1
1458,0.6,24.1,235000,2009,107000,0.5,0.2,0.4,0.3,0.2,3565.0,1595.0,1550.0,5.0,35.0,10.4,0.043225806451612905,0.6767676767676768,0.013333333333333334,0.09116022099447514,2.4,61.69429097605893,91.16022099447513,2450.0,0.015952380952380954,0.05657142857142857,103.8,0.1
1459,0.6,24.5,315000,2012,75000,0.5,0.2,0.1,0.3,0.2,3585.0,1595.0,1550.0,5.0,35.0,10.4,0.05096774193548387,0.7005912458019952,0.011436351415062648,0.09420375939849623,1.5,65.99832915622389,94.20375939849623,2000.0,0.013166666666666667,0.028190475,107.50476,0.1
1460,0.6,12.1,445000,2016,22402,0.5,0.2,0.1,0.3,0.2,3765.0,1660.0,1520.0,5.0,43.0,4.4,0.053289473684210525,0.7105263157894737,0.011204481792717087,0.09523809523809523,1.5,67.66917293233082,95.23809523809523,2000.0,0.0135,0.0285,109.2,0.1
1461,1.5,1.7,390000,2019,56000,0.1,0.2,0.1,0.3,0.2,3395.0,1490.0,1475.0,5.0,35.0,0.7,0.031864406779661014,0.6811594202898551,0.01904761904761905,0.08668341708542714,1.7142857142857142,59.04522613065326,86.68341708542714,2500.0,0.007833333333333333,0.019714285714285715,72.94285714285714,0.1
1462,2.4,5.4,1321000,2018,38000,0.5,0.1,0.1,0.2,0.2,4620.0,1775.0,1475.0,5.0,55.0,1.9,0.0935593220338983,0.7976878612716763,0.0068143100511073255,0.09621802002224694,1.6,76.7519466073415,96.21802002224693,2400.0,0.0215625,0.04325,168.0,0.3
1463,0.1,1.3,1650000,2012,240000,0.2,0.1,0.1,0.3,0.1,4915.0,1874.0,1455.0,5.0,75.0,0.5,0.16838487972508592,0.49,0.0032388663967611335,0.16852039096730703,2.857142857142857,82.57499157398045,168.52039096730704,2600.0,0.06125,0.35714285714285715,375.57142857142856,0.2
1464,2.5,15.3,385000,2013,65000,0.5,0.2,0.1,0.3,0.2,3970.0,1682.0,1453.0,5.0,45.0,6.1,0.05092911218169305,0.6727272727272727,0.012048192771084338,0.09181969949916527,1.44,61.76961602671119,91.81969949916528,1650.0,0.013703703703703704,0.029333333333333333,102.80000000000001,0.3
1465,1.5,21.9,380000,2016,70000,0.5,0.1,0.1,0.3,0.2,3636.0,1475.0,1670.0,5.0,35.0,9.0,0.040119760479041915,0.7444444444444445,0.013745704467353952,0.09018036072144289,1.7714285714285714,67.13426853707415,90.18036072144288,2700.0,0.010806451612903226,0.025714285714285714,93.91428571428571,0.1
1466,2.6,22.8,1950000,2016,79000,0.2,0.1,0.1,0.3,0.1,4644.0,1891.0,1713.0,5.0,70.0,9.5,0.12551079976649154,0.48863636363636365,0.003686635944700461,0.18333333333333332,2.6666666666666665,89.58333333333334,183.33333333333334,2500.0,0.05375,0.29333333333333333,331.6666666666667,0.1
1467,1.5,16.2,445000,2012,54948,0.2,0.2,0.1,0.3,0.2,3715.0,1680.0,1620.0,5.0,43.0,6.8,0.046296296296296294,0.39473684210526316,0.00963855421686747,0.15224358974358973,2.4,60.09615384615385,152.24358974358975,2450.0,0.017857142857142856,0.10857142857142857,145.0,0.1
1468,0.1,15.6,1450000,2014,71796,0.2,0.1,0.4,0.3,0.1,4385.0,1831.0,1608.0,5.0,64.0,6.3,0.10820895522388059,0.45789473684210524,0.004434589800443459,0.19308943089430894,2.4,88.41463414634147,193.08943089430895,2450.0,0.041428571428571426,0.21714285714285714,280.4,0.2
1469,0.6,12.4,550000,2017,61400,0.5,0.2,0.1,0.3,0.2,3765.0,1660.0,1520.0,5.0,43.0,4.4,0.053289473684210525,0.7105263157894737,0.011204481792717087,0.09523809523809523,1.5,67.66917293233082,95.23809523809523,2000.0,0.0135,0.0285,109.2,0.1
1470,0.5,2.6,250000,2013,70000,0.5,0.2,0.1,0.3,0.2,4375.0,1770.0,1544.0,5.0,47.5,1.0,0.07480569948186529,0.5775,0.007319304666056725,0.13360053440213762,2.4,77.15430861723446,133.6005344021376,2450.0,0.0275,0.11428571428571428,173.3,0.3
1471,0.5,13.6,595000,2017,99000,0.5,0.1,0.1,0.3,0.2,3955.0,1694.0,1544.0,5.0,40.0,5.0,0.05764248704663212,0.8090909090909091,0.010610079575596816,0.09174311926605505,1.25,74.22852376980816,91.74311926605505,1200.0,0.014833333333333334,0.022916666666666665,109.9,0.3
1472,0.6,12.4,560000,2017,29000,0.5,0.2,0.1,0.3,0.2,3765.0,1660.0,1520.0,5.0,43.0,4.4,0.053289473684210525,0.7105263157894737,0.011204481792717087,0.09523809523809523,1.5,67.66917293233082,95.23809523809523,2000.0,0.0135,0.0285,109.2,0.1
1473,0.4,7.8,445000,2014,38985,0.2,0.2,0.1,0.3,0.2,3998.0,1765.0,1647.0,5.0,52.0,2.6,0.060109289617486336,0.48292682926829267,0.00796812749003984,0.13684913217623498,2.142857142857143,66.08811748998664,136.84913217623497,2000.0,0.0264,0.11714285714285715,162.82857142857142,0.1
1474,0.6,16.9,120000,2009,48500,0.4,0.2,0.2,0.3,0.2,3565.0,1525.0,1590.0,5.0,35.0,7.3,0.03962264150943396,0.7078651685393258,0.014388489208633094,0.08195211786372007,2.4,58.011049723756905,81.95211786372006,2450.0,0.015,0.05085714285714286,97.4,0.1
1475,0.1,1.4,2550000,2015,69500,0.2,0.1,0.3,0.3,0.2,4933.0,1874.0,1455.0,5.0,75.0,0.5,0.13058419243986255,0.475,0.004123711340206186,0.2032520325203252,2.1714285714285713,96.54471544715447,203.2520325203252,2050.0,0.05,0.22857142857142856,295.7142857142857,0.2
1476,1.4,23.3,1299000,2020,31348,0.2,0.2,0.1,0.3,0.2,3995.0,1821.0,1627.0,5.0,42.0,9.9,0.07068223724646588,0.38333333333333336,0.006201550387596899,0.20040080160320642,2.5,76.82030728122912,200.4008016032064,2250.0,0.030666666666666665,0.2,214.0,0.1
1477,1.5,16.1,195000,2011,75000,0.2,0.2,0.1,0.3,0.2,3715.0,1680.0,1620.0,5.0,43.0,6.8,0.046296296296296294,0.39473684210526316,0.00963855421686747,0.15224358974358973,2.4,60.09615384615385,152.24358974358975,2450.0,0.017857142857142856,0.10857142857142857,145.0,0.1
1478,1.5,18.9,600000,2020,10000,0.5,0.2,0.1,0.3,0.2,3850.0,1695.0,1530.0,5.0,42.0,7.9,0.0542483660130719,0.7217391304347827,0.01098901098901099,0.0960735171261487,1.5,69.34001670843776,96.0735171261487,2000.0,0.013833333333333333,0.02875,110.8,0.1
1479,0.6,8.4,525000,2015,68397,0.5,0.2,0.1,0.3,0.2,3985.0,1734.0,1505.0,5.0,45.0,2.8,0.05448504983388704,0.7130434782608696,0.0110803324099723,0.0960735171261487,1.5,68.50459482038428,96.0735171261487,2000.0,0.013666666666666667,0.02875,110.19999999999999,0.1
1480,1.5,16.4,800000,2017,52836,0.2,0.2,0.1,0.3,0.2,4300.0,1765.0,1590.0,5.0,48.0,6.9,0.07421383647798742,0.36875,0.005934718100890208,0.2002503128911139,2.142857142857143,73.84230287859825,200.25031289111388,2000.0,0.031466666666666664,0.18285714285714286,220.22857142857143,0.1
1481,2.4,5.3,890000,2014,63000,0.5,0.1,0.1,0.3,0.2,4540.0,1760.0,1480.0,5.0,55.0,1.9,0.09324324324324325,0.7976878612716763,0.0068143100511073255,0.09621802002224694,1.6,76.7519466073415,96.21802002224693,2400.0,0.0215625,0.04325,168.0,0.3
1482,2.3,14.7,860000,2018,82200,0.2,0.2,0.1,0.3,0.2,3994.0,1811.0,1607.0,5.0,44.0,5.8,0.0672059738643435,0.4153846153846154,0.00684931506849315,0.1736806947227789,2.5,72.1442885771543,173.68069472277887,2250.0,0.0288,0.17333333333333334,193.8,0.1
1483,0.2,22.5,2975000,2015,87000,0.2,0.1,0.1,0.3,0.1,4886.0,1938.0,1762.0,5.0,47.5,9.3,0.14642451759364358,0.4607142857142857,0.0029985007496251873,0.18710324089542266,2.6666666666666665,86.20113598396259,187.10324089542266,2500.0,0.0645,0.37333333333333335,405.46666666666664,0.2
1484,1.5,9.7,850000,2019,72000,0.2,0.2,0.1,0.3,0.2,4296.0,1695.0,1685.0,7.0,45.0,3.1,0.052818991097922846,0.445,0.008565310492505354,0.16025641025641027,2.2857142857142856,71.31410256410257,160.25641025641025,2250.0,0.02225,0.11428571428571428,156.25714285714287,0.1
1485,0.6,23.7,490000,2018,66000,0.5,0.2,0.1,0.3,0.2,3995.0,1660.0,1520.0,5.0,43.0,10.1,0.053289473684210525,0.7105263157894737,0.011204481792717087,0.09523809523809523,1.5,67.66917293233082,95.23809523809523,2000.0,0.0135,0.0285,109.2,0.1
1486,0.6,6.2,1825000,2021,45000,0.5,0.1,0.1,0.3,0.2,4300.0,1790.0,1635.0,5.0,50.0,2.1,0.08440366972477065,0.5702479338842975,0.006097560975609756,0.17886178861788618,4.0,101.99556541019956,178.8617886178862,4500.0,0.023,0.16133333333333333,219.60000000000002,0.1
1487,0.6,23.7,399000,2014,74000,0.5,0.2,0.1,0.3,0.2,3995.0,1660.0,1520.0,5.0,43.0,10.1,0.053289473684210525,0.7105263157894737,0.011204481792717087,0.09523809523809523,1.5,67.66917293233082,95.23809523809523,2000.0,0.0135,0.0285,109.2,0.1
1488,1.5,2.5,545000,2016,53000,0.5,0.2,0.1,0.3,0.2,3995.0,1745.0,1500.0,5.0,37.0,0.9,0.05533333333333333,0.7217391304347827,0.01098901098901099,0.0960735171261487,1.5,69.34001670843776,96.0735171261487,2000.0,0.013833333333333333,0.02875,110.8,0.1
1489,1.5,2.4,650000,2018,32000,0.5,0.2,0.1,0.3,0.2,3995.0,1745.0,1500.0,5.0,37.0,0.9,0.05533333333333333,0.7217391304347827,0.01098901098901099,0.0960735171261487,1.5,69.34001670843776,96.0735171261487,2000.0,0.013833333333333333,0.02875,110.8,0.1
1490,1.0,10.0,2499000,2015,50623,0.2,0.1,0.3,0.3,0.1,4465.0,1900.0,1635.0,5.0,57.0,3.3,0.11498470948012232,0.44761904761904764,0.0040650406504065045,0.19274896741624598,2.0,86.27810922441488,192.748967416246,1750.0,0.053714285714285714,0.24,300.8,0.2
1491,0.6,6.3,1989999,2022,5800,0.2,0.1,0.1,0.3,0.2,4300.0,1790.0,1635.0,5.0,50.0,2.1,0.0691131498470948,0.452,0.006791171477079796,0.16744809109176156,2.6666666666666665,75.68653717347621,167.44809109176154,2500.0,0.02825,0.16666666666666666,194.46666666666667,0.1
1492,2.4,13.4,2100000,2017,112000,0.2,0.2,0.1,0.3,0.3,4735.0,1830.0,1795.0,7.0,55.0,4.9,0.08245125348189415,0.4314868804664723,0.005082592121982211,0.1433347262849979,2.4285714285714284,61.84705390722942,143.3347262849979,2000.0,0.04352941176470588,0.245,250.28571428571428,0.3
1493,1.5,18.6,650000,2022,6000,0.5,0.2,0.1,0.3,0.2,3845.0,1735.0,1530.0,5.0,37.0,7.9,0.05816993464052288,0.7876106194690266,0.010526315789473684,0.09440267335004177,1.3636363636363635,74.35254803675856,94.40267335004177,1600.0,0.014833333333333334,0.02568181818181818,112.23636363636363,0.1
1494,0.5,13.6,545000,2015,42000,0.5,0.1,0.1,0.3,0.2,3955.0,1694.0,1544.0,5.0,40.0,5.0,0.05764248704663212,0.8090909090909091,0.010610079575596816,0.09174311926605505,1.25,74.22852376980816,91.74311926605505,1200.0,0.014833333333333334,0.022916666666666665,109.9,0.3
1495,0.4,9.2,2350000,2016,75000,0.2,0.1,0.3,0.3,0.3,4892.0,1860.0,1837.0,7.0,80.0,2.9,0.08600979858464888,0.4103896103896104,0.004656577415599534,0.1751592356687898,2.0,71.8835304822566,175.15923566878982,1600.0,0.049375,0.240625,268.8,0.1
1496,0.5,14.5,675000,2015,48000,0.2,0.2,0.1,0.3,0.2,4386.0,1683.0,1603.0,7.0,42.0,5.6,0.061759201497192766,0.495,0.008048289738430584,0.13351134846461948,2.057142857142857,66.08811748998664,133.5113484646195,1850.0,0.0275,0.11428571428571428,159.9714285714286,0.3
1497,1.5,21.8,345000,2017,72019,0.5,0.2,0.3,0.3,0.2,3599.0,1495.0,1700.0,5.0,35.0,9.0,0.039411764705882354,0.7444444444444445,0.013745704467353952,0.09018036072144289,1.7714285714285714,67.13426853707415,90.18036072144288,2700.0,0.010806451612903226,0.025714285714285714,93.91428571428571,0.1
1498,0.6,24.3,270000,2010,86000,0.5,0.2,0.3,0.3,0.2,3565.0,1595.0,1550.0,5.0,35.0,10.4,0.05161290322580645,0.7207207207207207,0.011396011396011397,0.09273182957393483,2.4,66.83375104427736,92.73182957393483,2450.0,0.01904761904761905,0.06342857142857143,116.4,0.1
1499,1.4,17.2,950000,2017,55000,0.2,0.2,0.3,0.3,0.3,4456.0,1820.0,1995.0,8.0,60.0,7.4,0.06015037593984962,0.42857142857142855,0.00625,0.1402103154732098,2.2222222222222223,60.090135202804206,140.21031547320982,2200.0,0.03,0.15555555555555556,206.22222222222223,0.1
1500,2.4,10.4,2750000,2017,219000,0.2,0.1,0.3,0.3,0.1,4795.0,1855.0,1835.0,7.0,80.0,3.6,0.09482288828337875,0.38666666666666666,0.00411522633744856,0.16333938294010888,2.125,63.15789473684211,163.3393829401089,1800.0,0.051176470588235295,0.28125,305.65,0.3
1501,1.4,23.4,1190000,2017,41470,0.2,0.1,0.1,0.3,0.2,4585.0,1890.0,1785.0,7.0,70.0,10.0,0.0773109243697479,0.41818181818181815,0.005376344086021506,0.15144561725562183,2.34375,63.33180357962369,151.44561725562187,2150.0,0.0368,0.20625,238.2375,0.1
1502,2.1,18.3,2500000,2017,82900,0.2,0.1,0.1,0.3,0.2,4861.0,1864.0,1483.0,5.0,66.0,7.8,0.11732973701955496,0.49714285714285716,0.0045871559633027525,0.17784552845528456,2.4,88.41463414634147,177.84552845528455,2100.0,0.04833333333333333,0.23333333333333334,268.4,0.3
1503,0.6,8.6,1075000,2021,12020,0.5,0.1,0.1,0.3,0.2,3995.0,1775.0,1505.0,5.0,37.0,2.8,0.05780730897009967,0.7565217391304347,0.010638297872340425,0.0960735171261487,4.0,72.68170426065163,96.0735171261487,4500.0,0.0145,0.07666666666666666,138.2,0.1
1504,1.6,7.6,850000,2011,85000,0.2,0.1,0.3,0.3,0.3,4868.0,1854.0,1471.0,5.0,90.0,2.4,0.1380013596193066,0.406,0.0036068530207394047,0.2333177788147457,2.625,94.72701819878675,233.3177788147457,2600.0,0.04833333333333333,0.3125,348.05,0.2
1505,1.5,8.2,422000,2018,12768,0.5,0.2,0.1,0.3,0.3,3675.0,1475.0,1800.0,5.0,40.0,2.7,0.04055555555555555,0.7227722772277227,0.0125,0.08444816053511706,2.0,61.03678929765886,84.44816053511705,3000.0,0.012166666666666666,0.033666666666666664,104.2,0.1
1506,0.6,24.9,360000,2013,95610,0.2,0.2,0.3,0.3,0.2,3995.0,1710.0,1505.0,5.0,45.0,10.5,0.05913621262458472,0.40501674675986604,0.00821787222852259,0.16447904191616766,2.6666666666666665,66.61676646706586,164.47904191616766,2500.0,0.02225,0.146496,167.96426666666667,0.1
1507,1.4,17.0,1350000,2018,56500,0.2,0.2,0.1,0.3,0.3,4456.0,1820.0,1995.0,7.0,60.0,7.4,0.07017543859649122,0.4375,0.005405405405405406,0.14685635612666362,2.5,64.24965580541533,146.85635612666363,2250.0,0.037333333333333336,0.21333333333333335,237.0,0.1
1508,0.6,12.6,650000,2020,37003,0.5,0.2,0.1,0.3,0.2,3765.0,1660.0,1520.0,5.0,43.0,4.4,0.053289473684210525,0.7105263157894737,0.011204481792717087,0.09523809523809523,1.5,67.66917293233082,95.23809523809523,2000.0,0.0135,0.0285,109.2,0.1
1509,0.6,24.7,540000,2015,59000,0.2,0.2,0.1,0.3,0.2,3995.0,1760.0,1555.0,5.0,45.0,10.5,0.057234726688102894,0.40454545454545454,0.008213552361396304,0.15759312320916904,2.6666666666666665,63.75358166189112,157.59312320916908,2500.0,0.02225,0.14666666666666667,168.06666666666666,0.1
1510,0.4,14.6,7990000,2018,23000,0.5,0.1,0.1,0.3,0.3,4784.0,2080.0,1391.0,4.0,60.9,5.7,0.28468727534148097,0.7689320388349514,0.002348796241926013,0.10401939002221773,1.5294117647058822,79.9838416481519,104.01939002221773,2250.0,0.06092307692307692,0.12117647058823529,458.89411764705886,0.1
1511,0.1,1.4,1975000,2015,61000,0.2,0.1,0.3,0.3,0.2,4933.0,1874.0,1455.0,5.0,75.0,0.5,0.13058419243986255,0.475,0.004123711340206186,0.2032520325203252,2.1714285714285713,96.54471544715447,203.2520325203252,2050.0,0.05,0.22857142857142856,295.7142857142857,0.2
1512,0.6,5.9,1750000,2021,14000,0.2,0.2,0.1,0.3,0.2,4270.0,1780.0,1630.0,5.0,60.0,2.1,0.07730061349693251,0.47547169811320755,0.006220839813374806,0.1675094816687737,2.1052631578947367,79.64601769911503,167.5094816687737,2100.0,0.0315,0.1394736842105263,202.65263157894736,0.1
1513,0.5,5.0,775000,2018,39000,0.5,0.2,0.3,0.3,0.2,4440.0,1695.0,1495.0,5.0,40.0,1.7,0.0782608695652174,0.8068965517241379,0.008064516129032258,0.09686038744154976,1.434782608695652,78.1563126252505,96.86038744154976,2000.0,0.017727272727272727,0.03152173913043478,142.54782608695652,0.3
1514,1.4,19.3,1550000,2020,28000,0.2,0.2,0.1,0.3,0.1,3985.0,1820.0,1920.0,6.0,57.0,8.1,0.06770833333333333,0.43333333333333335,0.005797101449275362,0.13736263736263737,2.34375,59.52380952380952,137.36263736263734,2150.0,0.034666666666666665,0.1875,221.4375,0.1
1515,1.5,2.1,160000,2011,72000,0.5,0.2,0.1,0.3,0.2,3545.0,1490.0,1475.0,5.0,35.0,0.7,0.04542372881355932,0.7444444444444445,0.013745704467353952,0.09018036072144289,1.7142857142857142,67.13426853707415,90.18036072144288,2500.0,0.011166666666666667,0.025714285714285714,93.34285714285713,0.1
1516,2.3,12.8,1930000,2021,15000,0.2,0.2,0.1,0.3,0.2,4598.0,1894.0,1706.0,5.0,50.0,4.6,0.0984759671746776,0.48,0.00468384074941452,0.17893660531697342,2.142857142857143,85.88957055214725,178.9366053169734,2000.0,0.0448,0.2,262.22857142857146,0.1
1517,1.9,14.3,7500000,2020,38000,0.5,0.1,0.1,0.3,0.1,4696.0,1923.0,1624.0,5.0,65.0,5.4,0.21490147783251232,0.7270833333333333,0.0026195153896529143,0.16026711185308848,3.9705882352941178,116.52754590984975,160.26711185308847,4040.0,0.06462962962962963,0.35294117647058826,441.10588235294114,0.2
1518,2.5,15.2,350000,2014,111000,0.2,0.2,0.3,0.3,0.2,3970.0,1682.0,1453.0,5.0,45.0,6.1,0.05092911218169305,0.4111111111111111,0.009950248756218905,0.1501251042535446,2.1,61.71809841534612,150.1251042535446,2200.0,0.017619047619047618,0.09,137.4,0.3
1519,0.6,8.5,750000,2018,33647,0.5,0.1,0.1,0.3,0.2,3985.0,1734.0,1505.0,5.0,40.0,2.8,0.05448504983388704,0.7130434782608696,0.0110803324099723,0.0960735171261487,1.5,68.50459482038428,96.0735171261487,2000.0,0.013666666666666667,0.02875,110.19999999999999,0.1
1520,1.5,6.7,950000,2022,10000,0.5,0.1,0.1,0.3,0.2,3995.0,1735.0,1515.0,5.0,37.0,2.2,0.058745874587458745,0.7876106194690266,0.010526315789473684,0.09440267335004177,1.3636363636363635,74.35254803675856,94.40267335004177,1600.0,0.014833333333333334,0.02568181818181818,112.23636363636363,0.1
1521,1.6,11.5,4590000,2018,95786,0.2,0.1,0.1,0.3,0.1,4819.0,2141.0,1796.0,5.0,93.0,4.0,0.11191536748329621,0.402,0.003626473254759746,0.2333177788147457,2.375,93.79374708352778,233.3177788147457,2200.0,0.052894736842105265,0.3125,344.35,0.2
1522,0.5,4.4,245000,2010,95000,0.5,0.1,0.3,0.3,0.2,4420.0,1695.0,1480.0,5.0,42.0,1.7,0.07972972972972973,0.8082191780821918,0.008,0.09752839011356046,2.4,78.82431529726118,97.52839011356045,2450.0,0.028095238095238097,0.08342857142857144,153.2,0.3
1523,0.6,24.8,250000,2012,72000,0.5,0.2,0.4,0.3,0.2,4375.0,1770.0,1544.0,5.0,47.5,10.5,0.07480569948186529,0.5775,0.007319304666056725,0.13360053440213762,2.4,77.15430861723446,133.6005344021376,2450.0,0.0275,0.11428571428571428,173.3,0.1
1524,2.5,15.1,525000,2015,80852,0.5,0.1,0.3,0.3,0.2,3970.0,1682.0,1453.0,5.0,45.0,6.1,0.07088781830695114,0.5885714285714285,0.008264462809917356,0.14607679465776294,3.3333333333333335,85.97662771285476,146.07679465776295,3500.0,0.0206,0.11666666666666667,165.13333333333335,0.3
1525,2.4,10.5,1750000,2014,101000,0.2,0.1,0.1,0.3,0.3,4705.0,1840.0,1850.0,7.0,80.0,3.6,0.09135135135135135,0.46944444444444444,0.00461361014994233,0.12072434607645875,2.5714285714285716,56.67337357478202,120.72434607645874,2200.0,0.04694444444444444,0.2571428571428571,271.1142857142857,0.3
1526,0.6,11.9,495000,2017,47000,0.5,0.2,0.1,0.3,0.2,3765.0,1660.0,1520.0,5.0,43.0,4.4,0.053289473684210525,0.7105263157894737,0.011204481792717087,0.09523809523809523,1.5,67.66917293233082,95.23809523809523,2000.0,0.0135,0.0285,109.2,0.1
1527,1.5,9.6,811000,2018,44153,0.2,0.2,0.1,0.3,0.2,4395.0,1735.0,1690.0,7.0,45.0,3.1,0.052662721893491124,0.445,0.008565310492505354,0.16025641025641027,2.2857142857142856,71.31410256410257,160.25641025641025,2250.0,0.02225,0.11428571428571428,156.25714285714287,0.1
1528,1.6,11.3,2750000,2019,56500,0.2,0.1,0.1,0.3,0.2,4424.0,1804.0,1494.0,5.0,50.0,3.8,0.08969210174029452,0.44666666666666666,0.005698005698005698,0.1399906672888474,2.25,62.52916472235185,139.99066728884742,2000.0,0.03722222222222222,0.1875,222.89999999999998,0.2
1529,0.4,9.1,3450000,2018,35000,0.2,0.1,0.1,0.3,0.1,4892.0,1860.0,1837.0,7.0,80.0,2.9,0.10724006532389765,0.41914893617021276,0.003770028275212064,0.14696685428392744,1.7142857142857142,61.60100062539087,146.96685428392746,1250.0,0.06566666666666666,0.26857142857142857,323.34285714285716,0.1
1530,0.5,13.7,500000,2016,54440,0.5,0.2,0.1,0.3,0.2,3955.0,1694.0,1544.0,5.0,40.0,5.0,0.05764248704663212,0.8090909090909091,0.010610079575596816,0.09174311926605505,1.25,74.22852376980816,91.74311926605505,1200.0,0.014833333333333334,0.022916666666666665,109.9,0.3
1531,2.4,10.7,1675000,2014,211000,0.2,0.2,0.1,0.3,0.1,4705.0,1840.0,1850.0,7.0,80.0,3.6,0.09135135135135135,0.49271137026239065,0.004705882352941176,0.11502347417840375,2.5714285714285716,56.67337357478202,115.02347417840375,2200.0,0.04694444444444444,0.245,264.31428571428575,0.3
1532,1.5,4.1,695000,2016,82445,0.2,0.2,0.3,0.3,0.2,4490.0,1730.0,1485.0,5.0,43.0,1.6,0.059932659932659935,0.445,0.008565310492505354,0.16025641025641027,2.2857142857142856,71.31410256410257,160.25641025641025,2250.0,0.02225,0.11428571428571428,156.25714285714287,0.1
1533,0.5,2.3,480000,2016,50000,0.5,0.2,0.1,0.3,0.2,3990.0,1680.0,1505.0,5.0,35.0,0.8,0.05780730897009967,0.7981651376146789,0.010810810810810811,0.09098497495826377,1.3333333333333333,72.62103505843072,90.98497495826378,1500.0,0.0145,0.02422222222222222,109.13333333333333,0.3
1534,2.5,15.0,565000,2014,72782,0.5,0.2,0.1,0.3,0.2,3970.0,1682.0,1453.0,5.0,45.0,6.1,0.05092911218169305,0.6727272727272727,0.012048192771084338,0.09181969949916527,1.44,61.76961602671119,91.81969949916528,1650.0,0.013703703703703704,0.029333333333333333,102.80000000000001,0.3
1535,2.4,5.5,680000,2014,85000,0.2,0.2,0.3,0.3,0.2,4620.0,1775.0,1475.0,5.0,50.0,1.9,0.05898305084745763,0.424390243902439,0.008583690987124463,0.15029325513196481,2.111111111111111,63.78299120234604,150.2932551319648,2000.0,0.022894736842105263,0.11388888888888889,155.3111111111111,0.3
1536,2.4,10.3,2800000,2016,93000,0.2,0.1,0.1,0.3,0.3,4795.0,1855.0,1835.0,7.0,80.0,3.6,0.09482288828337875,0.38666666666666666,0.00411522633744856,0.16333938294010888,2.125,63.15789473684211,163.3393829401089,1800.0,0.051176470588235295,0.28125,305.65,0.3
1537,0.6,8.9,645000,2019,35000,0.5,0.2,0.1,0.3,0.2,3985.0,1734.0,1505.0,5.0,45.0,2.8,0.05448504983388704,0.7130434782608696,0.0110803324099723,0.0960735171261487,1.5,68.50459482038428,96.0735171261487,2000.0,0.013666666666666667,0.02875,110.19999999999999,0.1
1538,1.5,4.0,650000,2017,86000,0.2,0.2,0.1,0.3,0.2,4490.0,1730.0,1485.0,5.0,43.0,1.6,0.059932659932659935,0.445,0.008565310492505354,0.16025641025641027,2.2857142857142856,71.31410256410257,160.25641025641025,2250.0,0.02225,0.11428571428571428,156.25714285714287,0.1
1539,0.6,12.5,450000,2016,47000,0.5,0.2,0.3,0.3,0.2,3765.0,1660.0,1520.0,5.0,43.0,4.4,0.053289473684210525,0.7105263157894737,0.011204481792717087,0.09523809523809523,1.5,67.66917293233082,95.23809523809523,2000.0,0.0135,0.0285,109.2,0.1
1540,2.5,20.1,434999,2014,79081,0.2,0.2,0.1,0.3,0.2,4384.0,1699.0,1466.0,5.0,55.0,8.5,0.07025920873124147,0.412,0.007155635062611807,0.15644555694618273,2.933333333333333,64.45556946182728,156.44555694618273,2900.0,0.02340909090909091,0.16666666666666666,191.13333333333335,0.3
1541,0.4,7.9,675000,2017,81323,0.2,0.2,0.1,0.3,0.2,3998.0,1765.0,1647.0,5.0,52.0,2.6,0.060109289617486336,0.48292682926829267,0.00796812749003984,0.13684913217623498,2.142857142857143,66.08811748998664,136.84913217623497,2000.0,0.0264,0.11714285714285715,162.82857142857142,0.1
1542,1.6,7.3,2250000,2015,48000,0.2,0.1,0.1,0.3,0.3,4879.0,1854.0,1474.0,5.0,80.0,2.4,0.1383989145183175,0.408,0.0035971223021582736,0.2333177788147457,2.625,95.19365375641625,233.3177788147457,2600.0,0.04857142857142857,0.3125,348.65,0.2
1543,1.5,16.5,475000,2021,7942,0.5,0.2,0.1,0.3,0.2,3565.0,1520.0,1564.0,5.0,27.0,7.0,0.04283887468030691,0.7444444444444445,0.013745704467353952,0.09018036072144289,1.5714285714285714,67.13426853707415,90.18036072144288,2000.0,0.012181818181818183,0.025714285714285714,91.9142857142857,0.1
1544,1.5,18.7,409999,2015,112000,0.2,0.2,0.1,0.3,0.2,3850.0,1695.0,1530.0,5.0,42.0,7.9,0.048366013071895426,0.3894736842105263,0.009708737864077669,0.15224358974358973,2.0,59.294871794871796,152.24358974358975,2000.0,0.0185,0.095,140.4,0.1
1545,0.6,24.5,275000,2011,42000,0.5,0.2,0.1,0.3,0.2,3585.0,1595.0,1550.0,5.0,35.0,10.4,0.05096774193548387,0.7005912458019952,0.011436351415062648,0.09420375939849623,1.5,65.99832915622389,94.20375939849623,2000.0,0.013166666666666667,0.028190475,107.50476,0.1
1546,0.6,23.8,434999,2017,27000,0.2,0.2,0.3,0.3,0.2,3995.0,1660.0,1520.0,5.0,43.0,10.1,0.04868421052631579,0.3894736842105263,0.009708737864077669,0.16020236087689713,2.2857142857142856,62.394603709949415,160.20236087689713,2250.0,0.0185,0.10857142857142857,143.25714285714287,0.1
1547,0.1,0.9,1175000,2013,50000,0.2,0.1,0.1,0.3,0.2,4701.0,1826.0,1427.0,5.0,63.0,0.4,0.12403644008409251,0.46578947368421053,0.0043907793633369925,0.19308943089430894,2.4,89.9390243902439,193.08943089430895,2450.0,0.04214285714285714,0.21714285714285714,282.2,0.2
1548,1.3,5.8,3875000,2021,12000,0.5,0.1,0.1,0.3,0.2,4299.0,1822.0,1557.0,5.0,47.0,2.0,0.12138728323699421,0.675,0.004722550177095631,0.14014014014014015,3.259259259259259,94.5945945945946,140.14014014014015,3050.0,0.042954545454545454,0.2074074074074074,257.9925925925926,0.2
1549,2.4,10.8,750000,2011,117000,0.2,0.2,0.3,0.3,0.1,4695.0,1840.0,1850.0,7.0,80.0,3.6,0.09243243243243243,0.49854227405247814,0.004672897196261682,0.11502347417840375,2.4,57.3440643863179,115.02347417840375,2450.0,0.04071428571428572,0.196,263.8,0.3
1550,0.5,21.6,819999,2018,27963,0.5,0.2,0.1,0.3,0.2,3999.0,1734.0,1601.0,5.0,40.0,8.9,0.055590256089943786,0.8090909090909091,0.010610079575596816,0.09174311926605505,1.25,74.22852376980816,91.74311926605505,1200.0,0.014833333333333334,0.022916666666666665,109.9,0.3
1551,1.6,10.9,4200000,2015,77000,0.2,0.1,0.3,0.3,0.1,5120.0,1934.0,1850.0,7.0,100.0,3.7,0.13945945945945945,0.4168012924071082,0.002871500358937545,0.20723133578841646,2.25,86.3742885838634,207.23133578841646,2000.0,0.07166666666666667,0.386875,424.9,0.2
1552,0.6,20.4,1050000,2021,7500,0.5,0.2,0.1,0.3,0.2,3995.0,1770.0,1605.0,5.0,45.0,8.6,0.0735202492211838,0.686046511627907,0.0076045627376425855,0.17234468937875752,4.0,118.23647294589179,172.34468937875752,4500.0,0.019666666666666666,0.11466666666666667,179.6,0.1
1553,1.4,19.5,1700000,2021,17000,0.2,0.2,0.1,0.3,0.1,3985.0,1820.0,1855.0,4.0,57.0,8.1,0.07008086253369272,0.43333333333333335,0.005797101449275362,0.13736263736263737,2.34375,59.52380952380952,137.36263736263734,2150.0,0.034666666666666665,0.1875,221.4375,0.1
1554,0.5,4.8,695000,2017,51292,0.5,0.2,0.1,0.3,0.2,4440.0,1695.0,1495.0,5.0,40.0,1.7,0.0782608695652174,0.8068965517241379,0.008064516129032258,0.09686038744154976,1.434782608695652,78.1563126252505,96.86038744154976,2000.0,0.017727272727272727,0.03152173913043478,142.54782608695652,0.3
1555,0.1,1.0,745000,2013,72000,0.2,0.1,0.1,0.3,0.2,4375.0,1770.0,1544.0,5.0,47.5,0.4,0.07480569948186529,0.5775,0.007319304666056725,0.13360053440213762,2.4,77.15430861723446,133.6005344021376,2450.0,0.0275,0.11428571428571428,173.3,0.2
1556,0.6,20.4,1070000,2021,8800,0.5,0.2,0.1,0.3,0.2,3995.0,1770.0,1605.0,5.0,45.0,8.6,0.0735202492211838,0.686046511627907,0.0076045627376425855,0.17234468937875752,4.0,118.23647294589179,172.34468937875752,4500.0,0.019666666666666666,0.11466666666666667,179.6,0.1
1557,2.4,5.6,1075000,2016,70000,0.5,0.2,0.1,0.3,0.2,4620.0,1775.0,1475.0,5.0,55.0,1.9,0.0935593220338983,0.7976878612716763,0.0068143100511073255,0.09621802002224694,1.6,76.7519466073415,96.21802002224693,2400.0,0.0215625,0.04325,168.0,0.3
1558,1.7,14.9,1995000,2018,122000,0.2,0.1,0.1,0.3,0.3,4695.0,1815.0,1840.0,7.0,70.0,6.0,0.09565217391304348,0.5028571428571429,0.004555808656036446,0.14129995962858297,2.2222222222222223,71.05369398465886,141.29995962858297,2200.0,0.044,0.19444444444444445,267.8222222222222,0.1
1559,0.1,1.1,3000000,2017,42000,0.5,0.1,0.1,0.3,0.2,4726.0,1842.0,1427.0,5.0,54.0,0.4,0.10371408549404344,0.592,0.005763688760806916,0.17921146953405018,3.3333333333333335,106.0931899641577,179.21146953405017,3500.0,0.0296,0.16666666666666666,222.13333333333335,0.2
1560,0.7,22.9,3750000,2019,13500,0.2,0.1,0.3,0.3,0.3,5067.0,2091.0,1457.0,5.0,66.0,9.6,0.12148249828414551,0.4116279069767442,0.004162330905306972,0.21510755377688845,2.2857142857142856,88.54427213606803,215.10755377688844,2250.0,0.04425,0.24571428571428572,301.0571428571428,0.2
1561,2.5,20.2,545000,2013,110000,0.2,0.2,0.1,0.3,0.2,4384.0,1699.0,1466.0,5.0,55.0,8.5,0.07025920873124147,0.412,0.007155635062611807,0.15644555694618273,2.933333333333333,64.45556946182728,156.44555694618273,2900.0,0.02340909090909091,0.16666666666666666,191.13333333333335,0.3
1562,0.6,24.9,409999,2014,68000,0.2,0.2,0.1,0.3,0.2,3940.0,1710.0,1505.0,5.0,45.0,10.5,0.059800664451827246,0.4090909090909091,0.00816326530612245,0.15759312320916904,2.4,64.46991404011462,157.59312320916908,2450.0,0.02142857142857143,0.12571428571428572,166.0,0.1
1563,1.4,23.6,850000,2016,114000,0.2,0.2,0.1,0.3,0.2,4585.0,1890.0,1785.0,7.0,70.0,10.0,0.0773109243697479,0.41818181818181815,0.005376344086021506,0.15144561725562183,2.34375,63.33180357962369,151.44561725562187,2150.0,0.0368,0.20625,238.2375,0.1
1564,0.6,12.6,400000,2017,35000,0.5,0.2,0.1,0.3,0.2,3765.0,1660.0,1520.0,5.0,43.0,4.4,0.053289473684210525,0.7105263157894737,0.011204481792717087,0.09523809523809523,1.5,67.66917293233082,95.23809523809523,2000.0,0.0135,0.0285,109.2,0.1
1565,0.5,2.2,675000,2019,74237,0.5,0.2,0.1,0.3,0.2,3995.0,1695.0,1501.0,5.0,35.0,0.8,0.059293804130579615,0.8090909090909091,0.010610079575596816,0.09174311926605505,1.25,74.22852376980816,91.74311926605505,1200.0,0.014833333333333334,0.022916666666666665,109.9,0.3
1566,1.5,21.2,669000,2016,70000,0.2,0.2,0.1,0.3,0.2,3995.0,1790.0,1640.0,5.0,48.0,8.8,0.05426829268292683,0.445,0.008565310492505354,0.16025641025641027,2.2857142857142856,71.31410256410257,160.25641025641025,2250.0,0.02225,0.11428571428571428,156.25714285714287,0.1
1567,1.6,7.2,7780000,2022,11000,0.2,0.1,0.1,0.3,0.3,5063.0,1860.0,1494.0,5.0,80.0,2.4,0.1285140562248996,0.48,0.004098360655737705,0.20512820512820512,2.375,98.46153846153847,205.12820512820514,2200.0,0.05052631578947368,0.25,298.95,0.2
1568,1.4,17.3,1221000,2019,46000,0.2,0.2,0.1,0.3,0.3,4456.0,1820.0,1995.0,7.0,60.0,7.4,0.06015037593984962,0.42857142857142855,0.00625,0.12849931161083067,2.2222222222222223,55.07113354749886,128.49931161083066,2200.0,0.03,0.15555555555555556,206.22222222222223,0.1
1569,0.1,15.5,1300000,2014,51000,0.2,0.1,0.3,0.3,0.1,4385.0,1831.0,1608.0,5.0,64.0,6.3,0.10820895522388059,0.45789473684210524,0.004434589800443459,0.19308943089430894,2.4,88.41463414634147,193.08943089430895,2450.0,0.041428571428571426,0.21714285714285714,280.4,0.2
1570,2.2,16.0,675000,2013,106223,0.2,0.1,0.3,0.3,0.1,4755.0,1900.0,1785.0,7.0,78.0,6.7,0.1030812324929972,0.4577114427860697,0.0041928721174004195,0.14910979228486648,1.3333333333333333,68.24925816023739,149.10979228486647,1000.0,0.046,0.134,284.5333333333333,0.1
1571,0.6,20.7,725000,2016,42000,0.2,0.2,0.1,0.3,0.2,4375.0,1700.0,1475.0,5.0,43.0,8.7,0.08542372881355932,0.4846153846153846,0.006269592476489028,0.16434892541087232,2.1052631578947367,79.64601769911503,164.3489254108723,2100.0,0.0315,0.1368421052631579,200.65263157894736,0.1
1572,0.5,21.5,790000,2018,41000,0.2,0.2,0.1,0.3,0.2,3999.0,1734.0,1601.0,5.0,40.0,8.9,0.06183635227982511,0.495,0.008048289738430584,0.13351134846461948,2.057142857142857,66.08811748998664,133.5113484646195,1850.0,0.0275,0.11428571428571428,159.9714285714286,0.3
1573,0.6,24.4,370000,2013,41000,0.5,0.1,0.1,0.3,0.2,3585.0,1595.0,1550.0,5.0,35.0,10.4,0.05096774193548387,0.7005912458019952,0.011436351415062648,0.09420375939849623,1.5,65.99832915622389,94.20375939849623,2000.0,0.013166666666666667,0.028190475,107.50476,0.1
1574,0.1,0.6,2600000,2017,64000,0.2,0.1,0.1,0.3,0.2,4456.0,1796.0,1416.0,5.0,50.0,0.3,0.09957627118644068,0.440625,0.005383580080753701,0.16260162601626016,2.0,71.64634146341463,162.60162601626016,1750.0,0.040285714285714286,0.18285714285714286,232.6,0.2
1575,0.4,8.1,699000,2017,75000,0.2,0.2,0.1,0.3,0.2,3999.0,1765.0,1708.0,5.0,52.0,2.6,0.057962529274004686,0.48292682926829267,0.00796812749003984,0.13684913217623498,2.142857142857143,66.08811748998664,136.84913217623497,2000.0,0.0264,0.11714285714285715,162.82857142857142,0.1
1576,0.1,1.0,775000,2012,89000,0.2,0.1,0.3,0.3,0.2,4375.0,1770.0,1544.0,5.0,47.5,0.4,0.07480569948186529,0.5775,0.007319304666056725,0.13360053440213762,2.4,77.15430861723446,133.6005344021376,2450.0,0.0275,0.11428571428571428,173.3,0.2
1577,2.5,15.0,375000,2013,39000,0.5,0.2,0.1,0.3,0.2,3970.0,1682.0,1453.0,5.0,45.0,6.1,0.05092911218169305,0.6727272727272727,0.012048192771084338,0.09181969949916527,1.44,61.76961602671119,91.81969949916528,1650.0,0.013703703703703704,0.029333333333333333,102.80000000000001,0.3
1578,1.5,6.6,650000,2020,42000,0.5,0.2,0.1,0.3,0.2,3995.0,1735.0,1515.0,5.0,37.0,2.2,0.058745874587458745,0.7876106194690266,0.010526315789473684,0.09440267335004177,1.3636363636363635,74.35254803675856,94.40267335004177,1600.0,0.014833333333333334,0.02568181818181818,112.23636363636363,0.1
1579,1.4,17.8,580000,2011,117000,0.2,0.2,0.3,0.3,0.1,4430.0,1817.0,1975.0,7.0,60.0,7.4,0.061772151898734175,0.4206896551724138,0.006097560975609756,0.13308857273978889,2.4,55.9889857732905,133.0885727397889,2450.0,0.029047619047619048,0.1657142857142857,213.2,0.1
1580,1.5,18.7,375000,2011,120000,0.2,0.2,0.1,0.3,0.2,3850.0,1695.0,1530.0,5.0,42.0,7.9,0.048366013071895426,0.3894736842105263,0.009708737864077669,0.15224358974358973,2.0,59.294871794871796,152.24358974358975,2000.0,0.0185,0.095,140.4,0.1
1581,0.6,6.1,990000,2019,23000,0.2,0.2,0.1,0.3,0.2,4270.0,1780.0,1630.0,5.0,60.0,2.1,0.05460122699386503,0.39732142857142855,0.008146639511201629,0.16045845272206305,2.6666666666666665,63.75358166189112,160.45845272206304,2500.0,0.02225,0.14933333333333335,169.66666666666666,0.1
1582,2.5,15.3,525000,2014,43550,0.5,0.2,0.1,0.3,0.2,3970.0,1682.0,1453.0,5.0,45.0,6.1,0.05092911218169305,0.6727272727272727,0.012048192771084338,0.09181969949916527,1.44,61.76961602671119,91.81969949916528,1650.0,0.013703703703703704,0.029333333333333333,102.80000000000001,0.3
1583,0.6,19.9,1789999,2018,46000,0.5,0.1,0.1,0.3,0.2,4475.0,1850.0,1660.0,5.0,62.0,8.3,0.09216867469879518,0.796875,0.006144393241167435,0.096048024012006,1.55,76.53826913456727,96.048024012006,2200.0,0.02467741935483871,0.048,184.10000000000002,0.1
1584,0.5,13.8,785000,2018,23000,0.5,0.1,0.1,0.3,0.2,3955.0,1694.0,1544.0,5.0,40.0,5.0,0.05764248704663212,0.8090909090909091,0.010610079575596816,0.09174311926605505,1.25,74.22852376980816,91.74311926605505,1200.0,0.014833333333333334,0.022916666666666665,109.9,0.3
1585,1.6,11.1,1750000,2015,99000,0.2,0.1,0.3,0.3,0.2,4417.0,1804.0,1494.0,5.0,50.0,3.8,0.08969210174029452,0.44666666666666666,0.005698005698005698,0.1399906672888474,2.25,62.52916472235185,139.99066728884742,2000.0,0.03722222222222222,0.1875,222.89999999999998,0.2
1586,2.4,5.7,1670000,2019,39000,0.5,0.1,0.3,0.3,0.2,4620.0,1775.0,1475.0,5.0,55.0,1.9,0.0935593220338983,0.7976878612716763,0.0068143100511073255,0.09621802002224694,1.6,76.7519466073415,96.21802002224693,2400.0,0.0215625,0.04325,168.0,0.3
1587,1.4,19.2,565000,2017,65000,0.2,0.2,0.3,0.3,0.3,3995.0,1835.0,1839.0,7.0,60.0,8.0,0.04567699836867863,0.3652173913043478,0.008298755186721992,0.15405224380442062,2.5,56.26255860683188,154.0522438044206,2250.0,0.0224,0.15333333333333332,167.4,0.1
1588,0.6,8.4,625000,2017,42000,0.5,0.2,0.1,0.3,0.2,3985.0,1734.0,1505.0,5.0,45.0,2.8,0.05448504983388704,0.7130434782608696,0.0110803324099723,0.0960735171261487,1.5,68.50459482038428,96.0735171261487,2000.0,0.013666666666666667,0.02875,110.19999999999999,0.1
1589,2.5,20.3,275000,2011,80000,0.5,0.2,0.3,0.3,0.2,4375.0,1770.0,1544.0,5.0,47.5,8.5,0.07480569948186529,0.5775,0.007319304666056725,0.13360053440213762,2.4,77.15430861723446,133.6005344021376,2450.0,0.0275,0.11428571428571428,173.3,0.3
1590,1.0,6.9,6500000,2020,6000,0.2,0.1,0.1,0.3,0.1,4600.0,2069.0,1724.0,7.0,70.0,2.3,0.10266821345707657,0.4116279069767442,0.004162330905306972,0.21510755377688845,2.2857142857142856,88.54427213606803,215.10755377688844,2250.0,0.04425,0.24571428571428572,301.0571428571428,0.2
1591,0.1,0.7,1390000,2014,85900,0.2,0.1,0.1,0.3,0.2,4456.0,1796.0,1416.0,5.0,50.0,0.3,0.09957627118644068,0.440625,0.005383580080753701,0.16260162601626016,2.0,71.64634146341463,162.60162601626016,1750.0,0.040285714285714286,0.18285714285714286,232.6,0.2
1592,1.6,11.6,8500000,2019,13000,0.2,0.1,0.1,0.3,0.1,5130.0,1934.0,1850.0,7.0,100.0,4.1,0.13783783783783785,0.4112903225806452,0.002888086642599278,0.20756611985269502,2.125,85.36993639102778,207.566119852695,1800.0,0.075,0.3875,422.25,0.2
1593,2.1,14.8,819999,2015,94580,0.5,0.1,0.1,0.3,0.2,4659.0,1814.0,1476.0,5.0,50.0,5.9,0.11991869918699187,0.708,0.005121638924455826,0.13904338153503892,3.6,98.44271412680756,139.04338153503892,3250.0,0.03933333333333333,0.2,242.2,0.3
1594,0.7,23.0,3900000,2015,39000,0.2,0.1,0.1,0.3,0.3,5252.0,1899.0,1457.0,5.0,83.0,9.7,0.18599862731640357,0.45166666666666666,0.0028308563340410475,0.20046775810223855,2.0,90.54460407617775,200.46775810223858,2000.0,0.06775,0.3,422.6,0.2
1595,1.9,3.4,3500000,2014,160000,0.5,0.1,0.1,0.3,0.1,4846.0,1939.0,1702.0,5.0,100.0,1.4,0.2937720329024677,0.7142857142857143,0.0018181818181818182,0.14565126924677488,2.888888888888889,104.03662089055348,145.65126924677486,4250.0,0.07692307692307693,0.3111111111111111,608.8888888888889,0.2
1596,0.6,20.5,999000,2019,27464,0.5,0.2,0.1,0.3,0.2,3995.0,1770.0,1605.0,5.0,45.0,8.6,0.0735202492211838,0.686046511627907,0.0076045627376425855,0.17234468937875752,4.0,118.23647294589179,172.34468937875752,4500.0,0.019666666666666666,0.11466666666666667,179.6,0.1
1597,1.5,9.8,1225000,2021,23000,0.5,0.2,0.1,0.3,0.2,4395.0,1735.0,1690.0,7.0,45.0,3.1,0.06094674556213018,0.7463768115942029,0.008948545861297539,0.09439124487004104,1.3636363636363635,70.4514363885089,94.39124487004104,1600.0,0.017166666666666667,0.031363636363636364,130.63636363636363,0.1
1598,2.1,15.9,885000,2018,38000,0.5,0.2,0.1,0.3,0.2,4413.0,1699.0,1466.0,5.0,55.0,6.6,0.07094133697135062,0.6797385620915033,0.008602150537634409,0.09574468085106383,1.3866666666666667,65.081351689612,95.74468085106382,1450.0,0.02,0.0408,137.46666666666667,0.3
1599,0.3,14.1,235000,2011,54000,0.5,0.2,0.1,0.3,0.2,4560.0,1730.0,1487.0,5.0,45.0,5.2,0.0605245460659045,0.782608695652174,0.01038961038961039,0.08406432748538012,2.4,65.78947368421052,84.0643274853801,2450.0,0.02142857142857143,0.06571428571428571,124.0,0.1
1600,1.4,17.5,434999,2013,117000,0.2,0.2,0.1,0.3,0.3,4430.0,1817.0,1975.0,8.0,60.0,7.4,0.060759493670886074,0.41379310344827586,0.006153846153846154,0.13308857273978889,2.2222222222222223,55.07113354749886,133.0885727397889,2200.0,0.03,0.16111111111111112,210.22222222222223,0.1
1601,1.5,23.1,1299000,2021,13400,0.5,0.2,0.1,0.3,0.2,4445.0,1775.0,1700.0,6.0,45.0,9.8,0.060588235294117644,0.7463768115942029,0.008948545861297539,0.09439124487004104,1.3636363636363635,70.4514363885089,94.39124487004104,1600.0,0.017166666666666667,0.031363636363636364,130.63636363636363,0.1
1602,1.2,13.1,1925000,2021,19000,0.5,0.1,0.1,0.2,0.2,4720.0,1835.0,1760.0,6.0,60.0,4.7,0.08011363636363636,0.564,0.005943536404160475,0.17229496898690558,3.125,97.17436250861475,172.2949689869056,3400.0,0.0282,0.15625,215.85,0.3
1603,0.5,4.3,499000,2012,96506,0.5,0.2,0.3,0.3,0.2,4440.0,1695.0,1485.0,5.0,42.0,1.7,0.07811447811447811,0.7945205479452054,0.008097165991902834,0.09752839011356046,1.375,77.4883099532398,97.52839011356045,1800.0,0.017575757575757574,0.030416666666666668,141.75,0.3
1604,2.3,13.0,2275000,2022,38000,0.2,0.1,0.1,0.3,0.2,4598.0,1894.0,1706.0,5.0,50.0,4.6,0.0984759671746776,0.48,0.00468384074941452,0.17893660531697342,2.142857142857143,85.88957055214725,178.9366053169734,2000.0,0.0448,0.2,262.22857142857146,0.1
1605,1.6,3.0,1975000,2015,19000,0.5,0.1,0.1,0.3,0.2,4630.0,1777.0,1432.0,5.0,47.5,1.2,0.12639664804469275,0.6033333333333334,0.004744958481613286,0.15067805123053743,4.583333333333333,90.9090909090909,150.67805123053742,4300.0,0.03290909090909091,0.25,274.43333333333334,0.2
1606,0.6,20.9,770000,2016,20000,0.5,0.1,0.1,0.3,0.2,4375.0,1700.0,1475.0,5.0,43.0,8.7,0.08203389830508474,0.7658227848101266,0.007677543186180422,0.09930861093651791,1.5,76.05279698302954,99.30861093651791,2100.0,0.019206349206349206,0.03761904761904762,150.8,0.1
1607,2.3,19.8,379000,2018,29434,0.5,0.2,0.3,0.3,0.2,3746.0,1647.0,1535.0,5.0,35.0,8.2,0.04495114006514658,0.4928571428571429,0.011527377521613832,0.13371537726838587,2.2222222222222223,65.90257879656161,133.71537726838588,2200.0,0.01725,0.07777777777777778,119.62222222222223,0.1
1608,1.5,18.8,355000,2014,68005,0.5,0.2,0.1,0.3,0.2,3850.0,1695.0,1530.0,5.0,42.0,7.9,0.05555555555555555,0.7456140350877193,0.01084010840108401,0.09523809523809523,1.5,71.0108604845447,95.23809523809523,2000.0,0.014166666666666666,0.0285,111.6,0.1
1609,0.2,22.7,12500000,2021,9500,0.5,0.1,0.1,0.3,0.1,5151.0,2000.0,1805.0,6.0,83.0,9.4,0.18559556786703602,0.7444444444444445,0.0027491408934707906,0.15010006671114076,3.6666666666666665,111.74116077384923,150.10006671114076,4000.0,0.060909090909090906,0.3,417.6666666666667,0.2
1610,2.3,12.7,250999,2011,98000,0.2,0.2,0.1,0.3,0.2,4421.0,1780.0,1940.0,7.0,65.0,4.5,0.061855670103092786,0.48,0.006557377049180328,0.11473152822395594,2.4,55.07113354749886,114.73152822395595,2450.0,0.02857142857142857,0.14285714285714285,196.0,0.1
1611,0.6,12.4,595000,2019,25000,0.5,0.2,0.1,0.3,0.2,3765.0,1660.0,1520.0,5.0,43.0,4.4,0.053289473684210525,0.7105263157894737,0.011204481792717087,0.09523809523809523,1.5,67.66917293233082,95.23809523809523,2000.0,0.0135,0.0285,109.2,0.1
1612,1.5,3.6,639000,2020,44300,0.5,0.1,0.1,0.3,0.2,3695.0,1600.0,1560.0,5.0,35.0,1.5,0.04294871794871795,0.7444444444444445,0.013745704467353952,0.09018036072144289,1.7142857142857142,67.13426853707415,90.18036072144288,2500.0,0.011166666666666667,0.025714285714285714,93.34285714285713,0.1
1613,1.5,19.0,725000,2019,11874,0.5,0.1,0.1,0.3,0.2,3840.0,1735.0,1530.0,5.0,37.0,7.9,0.05359477124183006,0.7256637168141593,0.011142061281337047,0.09440267335004177,1.4285714285714286,68.50459482038428,94.40267335004177,1800.0,0.013666666666666667,0.026904761904761904,108.6857142857143,0.1
1614,2.3,12.9,1750000,2020,14400,0.2,0.2,0.1,0.3,0.2,4598.0,1894.0,1706.0,5.0,50.0,4.6,0.0984759671746776,0.48,0.00468384074941452,0.17893660531697342,2.142857142857143,85.88957055214725,178.9366053169734,2000.0,0.0448,0.2,262.22857142857146,0.1
1615,0.6,24.8,385000,2014,46000,0.5,0.2,0.1,0.3,0.2,3995.0,1710.0,1505.0,5.0,45.0,10.5,0.05514950166112957,0.7293753734753418,0.011025479884011952,0.09506766917293234,1.5,69.34001670843776,95.06766917293233,2000.0,0.013833333333333333,0.028449000000000002,110.3184,0.1
1616,1.5,3.7,450000,2014,48000,0.5,0.1,0.1,0.3,0.2,3695.0,1600.0,1560.0,5.0,35.0,1.5,0.04294871794871795,0.7444444444444445,0.013745704467353952,0.09018036072144289,1.7142857142857142,67.13426853707415,90.18036072144288,2500.0,0.011166666666666667,0.025714285714285714,93.34285714285713,0.1
1617,1.5,18.7,590000,2014,86000,0.2,0.2,0.1,0.3,0.2,3850.0,1695.0,1530.0,5.0,42.0,7.9,0.048366013071895426,0.3894736842105263,0.009708737864077669,0.15224358974358973,2.0,59.294871794871796,152.24358974358975,2000.0,0.0185,0.095,140.4,0.1
1618,2.3,15.4,890000,2022,7500,0.5,0.2,0.1,0.3,0.2,3827.0,1742.0,1615.0,5.0,37.0,6.2,0.05201238390092879,0.7433628318584071,0.010958904109589041,0.09424520433694746,1.8181818181818181,70.05838198498749,94.24520433694745,2700.0,0.014,0.03424242424242424,113.78181818181818,0.1
1619,2.4,13.4,1421000,2017,75000,0.2,0.2,0.3,0.3,0.3,4735.0,1830.0,1795.0,7.0,55.0,4.9,0.08245125348189415,0.4314868804664723,0.005082592121982211,0.1433347262849979,2.4285714285714284,61.84705390722942,143.3347262849979,2000.0,0.04352941176470588,0.245,250.28571428571428,0.3
1620,0.6,6.5,1190000,2018,76000,0.2,0.1,0.1,0.3,0.2,4270.0,1780.0,1630.0,5.0,60.0,2.1,0.07730061349693251,0.47547169811320755,0.006220839813374806,0.1675094816687737,2.1052631578947367,79.64601769911503,167.5094816687737,2100.0,0.0315,0.1394736842105263,202.65263157894736,0.1
1621,1.5,21.2,711000,2018,67900,0.2,0.2,0.1,0.3,0.2,3995.0,1790.0,1640.0,5.0,48.0,8.8,0.05426829268292683,0.445,0.008565310492505354,0.16025641025641027,2.2857142857142856,71.31410256410257,160.25641025641025,2250.0,0.02225,0.11428571428571428,156.25714285714287,0.1
1622,0.6,18.1,225000,2009,140000,0.2,0.2,0.4,0.3,0.2,4800.0,1832.0,1485.0,5.0,70.0,7.6,0.09562289562289562,0.43962848297213625,0.0053404539385847796,0.16223003515821197,2.4,71.32094424912104,162.23003515821193,2450.0,0.03380952380952381,0.18457142857142858,238.40000000000003,0.1
1623,0.1,1.2,4150000,2022,22000,0.5,0.1,0.1,0.3,0.2,4762.0,1847.0,1433.0,5.0,54.0,0.4,0.13119330076762037,0.5875,0.004524886877828055,0.16129032258064516,2.896551724137931,94.75806451612904,161.29032258064515,2750.0,0.04476190476190476,0.2206896551724138,269.7655172413793,0.2
1624,0.5,4.6,185000,2008,70000,0.5,0.1,0.3,0.3,0.2,4390.0,1690.0,1495.0,5.0,42.0,1.7,0.05217391304347826,0.624,0.011142061281337047,0.08350033400133601,2.4,52.104208416833664,83.500334001336,2450.0,0.018571428571428572,0.07142857142857142,120.8,0.3
1625,1.6,11.5,5850000,2019,31000,0.2,0.1,0.1,0.2,0.1,4819.0,2141.0,1796.0,5.0,93.0,4.0,0.11191536748329621,0.402,0.003626473254759746,0.2333177788147457,2.375,93.79374708352778,233.3177788147457,2200.0,0.052894736842105265,0.3125,344.35,0.2
1626,1.8,18.2,360000,2013,92000,0.2,0.2,0.3,0.3,0.2,4425.0,1695.0,1505.0,5.0,41.0,7.7,0.05647840531561462,0.425,0.008791208791208791,0.13689253935660506,1.875,58.17932922655715,136.89253935660506,1750.0,0.02266666666666667,0.1,149.75,0.1
1627,2.4,13.5,2295000,2019,26000,0.2,0.1,0.1,0.3,0.3,4735.0,1830.0,1795.0,7.0,55.0,4.9,0.0958217270194986,0.4777777777777778,0.0045662100456621,0.1306715063520871,2.8333333333333335,62.43194192377496,130.6715063520871,2200.0,0.05058823529411765,0.3,275.5333333333333,0.3
1628,1.5,1.7,265000,2017,30000,0.1,0.2,0.1,0.3,0.2,3395.0,1490.0,1475.0,5.0,35.0,0.7,0.031864406779661014,0.6811594202898551,0.01904761904761905,0.08668341708542714,1.7142857142857142,59.04522613065326,86.68341708542714,2500.0,0.007833333333333333,0.019714285714285715,72.94285714285714,0.1
1629,2.4,13.3,1950000,2020,45000,0.2,0.2,0.1,0.3,0.3,4735.0,1830.0,1795.0,7.0,55.0,4.9,0.08245125348189415,0.4314868804664723,0.005082592121982211,0.1433347262849979,2.4285714285714284,61.84705390722942,143.3347262849979,2000.0,0.04352941176470588,0.245,250.28571428571428,0.3
1630,0.6,24.2,390000,2015,49123,0.5,0.2,0.1,0.3,0.2,3585.0,1595.0,1550.0,5.0,35.0,10.4,0.05096774193548387,0.7005912458019952,0.011436351415062648,0.09420375939849623,1.5,65.99832915622389,94.20375939849623,2000.0,0.013166666666666667,0.028190475,107.50476,0.1
1631,0.1,15.6,1875000,2016,40000,0.2,0.1,0.1,0.3,0.1,4385.0,1831.0,1608.0,5.0,64.0,6.3,0.10820895522388059,0.45789473684210524,0.004434589800443459,0.19308943089430894,2.4,88.41463414634147,193.08943089430895,2450.0,0.041428571428571426,0.21714285714285714,280.4,0.2
1632,0.6,21.0,484999,2013,107000,0.2,0.2,0.1,0.3,0.2,4370.0,1700.0,1475.0,5.0,43.0,8.7,0.08542372881355932,0.4846153846153846,0.006269592476489028,0.16434892541087232,2.1052631578947367,79.64601769911503,164.3489254108723,2100.0,0.0315,0.1368421052631579,200.65263157894736,0.1
1633,1.6,11.0,1650000,2015,75000,0.2,0.1,0.1,0.3,0.2,4417.0,1804.0,1494.0,5.0,50.0,3.8,0.08969210174029452,0.44666666666666666,0.005698005698005698,0.1399906672888474,2.25,62.52916472235185,139.99066728884742,2000.0,0.03722222222222222,0.1875,222.89999999999998,0.2
1634,1.4,17.6,450000,2011,95000,0.2,0.2,0.1,0.3,0.3,4430.0,1817.0,1975.0,8.0,60.0,7.4,0.060759493670886074,0.41379310344827586,0.006153846153846154,0.13308857273978889,2.2222222222222223,55.07113354749886,133.0885727397889,2200.0,0.03,0.16111111111111112,210.22222222222223,0.1
1635,2.4,11.8,690000,2020,55000,0.5,0.2,0.1,0.3,0.2,3995.0,1745.0,1510.0,5.0,37.0,4.3,0.054304635761589407,0.7256637168141593,0.011142061281337047,0.09440267335004177,1.4285714285714286,68.50459482038428,94.40267335004177,1800.0,0.013666666666666667,0.026904761904761904,108.6857142857143,0.3
1636,1.5,9.5,969999,2016,39000,0.2,0.2,0.1,0.3,0.2,4296.0,1695.0,1685.0,7.0,45.0,3.1,0.052818991097922846,0.445,0.008565310492505354,0.16025641025641027,2.2857142857142856,71.31410256410257,160.25641025641025,2250.0,0.02225,0.11428571428571428,156.25714285714287,0.1
1637,2.3,16.7,2395000,2021,13594,0.2,0.1,0.1,0.3,0.2,4661.0,1894.0,1786.0,6.0,50.0,7.2,0.0940649496080627,0.48,0.00468384074941452,0.17893660531697342,2.142857142857143,85.88957055214725,178.9366053169734,2000.0,0.0448,0.2,262.22857142857146,0.1
1638,0.5,4.2,250000,2009,110000,0.5,0.1,0.1,0.3,0.2,4420.0,1695.0,1480.0,5.0,42.0,1.7,0.07972972972972973,0.8082191780821918,0.008,0.09752839011356046,2.4,78.82431529726118,97.52839011356045,2450.0,0.028095238095238097,0.08342857142857144,153.2,0.3
1639,1.5,19.1,775000,2021,24000,0.5,0.1,0.1,0.3,0.2,3845.0,1735.0,1530.0,5.0,37.0,7.9,0.05816993464052288,0.7876106194690266,0.010526315789473684,0.09440267335004177,1.3636363636363635,74.35254803675856,94.40267335004177,1600.0,0.014833333333333334,0.02568181818181818,112.23636363636363,0.1
1640,0.2,22.1,2600000,2017,41000,0.2,0.1,0.1,0.3,0.2,4439.0,1821.0,1612.0,5.0,51.0,9.1,0.11662531017369727,0.47,0.004149377593360996,0.20050125313283207,2.2857142857142856,94.23558897243107,200.50125313283206,2250.0,0.047,0.22857142857142856,295.65714285714284,0.2
1641,0.6,12.3,649000,2020,52236,0.5,0.2,0.1,0.3,0.2,3765.0,1660.0,1520.0,5.0,43.0,4.4,0.053289473684210525,0.7105263157894737,0.011204481792717087,0.09523809523809523,1.5,67.66917293233082,95.23809523809523,2000.0,0.0135,0.0285,109.2,0.1
1642,2.4,23.9,875000,2018,23148,0.5,0.1,0.1,0.3,0.2,4425.0,1730.0,1495.0,5.0,42.0,10.2,0.07090301003344482,0.7571428571428571,0.008733624454148471,0.09358288770053476,1.4285714285714286,70.85561497326204,93.58288770053476,1800.0,0.017666666666666667,0.03333333333333333,133.88571428571427,0.3
1643,1.4,14.0,495000,2016,53376,0.2,0.2,0.1,0.3,0.2,3675.0,1715.0,1655.0,6.0,35.0,5.1,0.04652567975830816,0.4052631578947368,0.009501187648456057,0.15859766277128548,2.142857142857143,64.27378964941569,158.59766277128548,2000.0,0.020533333333333334,0.10857142857142857,143.6285714285714,0.1
1644,0.9,18.0,1650000,2021,12000,0.2,0.2,0.1,0.3,0.2,4315.0,1800.0,1637.0,5.0,50.0,7.5,0.06902871105681124,0.452,0.006791171477079796,0.16744809109176156,2.6666666666666665,75.68653717347621,167.44809109176154,2500.0,0.02825,0.16666666666666666,194.46666666666667,0.3
1645,0.5,21.6,819999,2018,42000,0.5,0.2,0.1,0.3,0.2,3999.0,1734.0,1601.0,5.0,40.0,8.9,0.055590256089943786,0.8090909090909091,0.010610079575596816,0.09174311926605505,1.25,74.22852376980816,91.74311926605505,1200.0,0.014833333333333334,0.022916666666666665,109.9,0.3
1646,0.6,21.1,1180000,2019,38000,0.5,0.1,0.1,0.3,0.2,4370.0,1700.0,1475.0,5.0,43.0,8.7,0.08203389830508474,0.7658227848101266,0.007677543186180422,0.09930861093651791,1.5,76.05279698302954,99.30861093651791,2100.0,0.019206349206349206,0.03761904761904762,150.8,0.1
1647,1.5,21.8,345000,2016,73190,0.5,0.2,0.3,0.3,0.2,3599.0,1495.0,1700.0,5.0,35.0,9.0,0.039411764705882354,0.7444444444444445,0.013745704467353952,0.09018036072144289,1.7714285714285714,67.13426853707415,90.18036072144288,2700.0,0.010806451612903226,0.025714285714285714,93.91428571428571,0.1
1648,0.7,10.1,5200000,2019,43000,0.2,0.1,0.1,0.3,0.1,4731.0,2071.0,1651.0,5.0,82.0,3.4,0.10720775287704422,0.4116279069767442,0.004162330905306972,0.21510755377688845,2.2857142857142856,88.54427213606803,215.10755377688844,2250.0,0.04425,0.24571428571428572,301.0571428571428,0.2
1649,0.2,22.3,5300000,2019,15087,0.2,0.1,0.1,0.2,0.1,4657.0,1881.0,1678.0,5.0,67.0,9.2,0.11323003575685339,0.475,0.004123711340206186,0.20050125313283207,2.2857142857142856,95.23809523809523,200.50125313283206,2250.0,0.0475,0.22857142857142856,296.85714285714283,0.2
1650,2.4,5.7,1095000,2016,45000,0.5,0.1,0.1,0.3,0.2,4620.0,1775.0,1475.0,5.0,55.0,1.9,0.0935593220338983,0.7976878612716763,0.0068143100511073255,0.09621802002224694,1.6,76.7519466073415,96.21802002224693,2400.0,0.0215625,0.04325,168.0,0.3
1651,0.5,13.6,595000,2016,80000,0.5,0.1,0.1,0.3,0.2,3955.0,1694.0,1544.0,5.0,40.0,5.0,0.05764248704663212,0.8090909090909091,0.010610079575596816,0.09174311926605505,1.25,74.22852376980816,91.74311926605505,1200.0,0.014833333333333334,0.022916666666666665,109.9,0.3
1652,0.8,5.2,1350000,2017,70000,0.5,0.1,0.1,0.3,0.2,4395.0,1818.0,1640.0,5.0,60.0,1.8,0.0975609756097561,0.64,0.005479452054794521,0.1827485380116959,2.2,116.95906432748536,182.7485380116959,3000.0,0.02909090909090909,0.1,218.0,0.3
1653,0.6,9.4,300000,2018,51000,0.5,0.2,0.1,0.3,0.2,3495.0,1550.0,1500.0,5.0,32.0,3.0,0.03666666666666667,0.7333333333333333,0.016666666666666666,0.09213759213759214,1.375,67.56756756756758,92.13759213759215,1500.0,0.01,0.01875,76.75,0.1
1654,1.4,17.7,600000,2014,83000,0.2,0.2,0.3,0.3,0.3,4430.0,1817.0,1975.0,8.0,60.0,7.4,0.060759493670886074,0.41379310344827586,0.006153846153846154,0.13308857273978889,2.2222222222222223,55.07113354749886,133.0885727397889,2200.0,0.03,0.16111111111111112,210.22222222222223,0.1
1655,0.6,24.6,750000,2017,72000,0.2,0.2,0.1,0.3,0.2,3995.0,1760.0,1555.0,5.0,45.0,10.5,0.057234726688102894,0.40454545454545454,0.008213552361396304,0.15759312320916904,2.6666666666666665,63.75358166189112,157.59312320916908,2500.0,0.02225,0.14666666666666667,168.06666666666666,0.1
1656,1.5,1.7,289000,2015,78000,0.1,0.2,0.1,0.3,0.2,3395.0,1490.0,1475.0,5.0,35.0,0.7,0.031864406779661014,0.6811594202898551,0.01904761904761905,0.08668341708542714,1.7142857142857142,59.04522613065326,86.68341708542714,2500.0,0.007833333333333333,0.019714285714285715,72.94285714285714,0.1
1657,1.4,23.2,925000,2019,60888,0.2,0.2,0.1,0.3,0.2,3995.0,1821.0,1627.0,5.0,42.0,9.9,0.07068223724646588,0.38333333333333336,0.006201550387596899,0.20040080160320642,2.5,76.82030728122912,200.4008016032064,2250.0,0.030666666666666665,0.2,214.0,0.1
1658,0.4,9.0,4100000,2021,19000,0.2,0.1,0.1,0.3,0.1,4903.0,1869.0,1837.0,7.0,80.0,2.9,0.0914534567229178,0.4,0.004329004329004329,0.21042084168336672,1.75,84.16833667334669,210.42084168336675,1500.0,0.048,0.21,286.3,0.1
1659,1.5,1.8,280000,2011,69276,0.5,0.2,0.1,0.3,0.2,3620.0,1475.0,1460.0,5.0,35.0,0.7,0.04589041095890411,0.7444444444444445,0.013745704467353952,0.09018036072144289,1.7714285714285714,67.13426853707415,90.18036072144288,2700.0,0.010806451612903226,0.025714285714285714,93.91428571428571,0.1
1660,0.6,20.6,1090000,2020,26200,0.5,0.1,0.1,0.3,0.2,3995.0,1770.0,1605.0,5.0,45.0,8.6,0.0735202492211838,0.686046511627907,0.0076045627376425855,0.17234468937875752,4.0,118.23647294589179,172.34468937875752,4500.0,0.019666666666666666,0.11466666666666667,179.6,0.1
1661,0.1,0.6,1800000,2014,76529,0.2,0.1,0.1,0.3,0.2,4456.0,1796.0,1416.0,5.0,50.0,0.3,0.09957627118644068,0.440625,0.005383580080753701,0.16260162601626016,2.0,71.64634146341463,162.60162601626016,1750.0,0.040285714285714286,0.18285714285714286,232.6,0.2
1662,0.2,0.5,1600000,2013,70000,0.2,0.1,0.3,0.3,0.3,4899.0,2094.0,1464.0,5.0,47.5,0.2,0.148224043715847,0.4822222222222222,0.0036330608537693005,0.22556390977443608,2.933333333333333,108.7719298245614,225.56390977443607,2900.0,0.04931818181818182,0.3,339.5333333333333,0.2
1663,0.2,22.6,4250000,2017,80000,0.2,0.1,0.1,0.3,0.1,4922.0,2004.0,1745.0,5.0,80.0,9.3,0.1501432664756447,0.42258064516129035,0.002844950213371266,0.2071500167056465,2.6666666666666665,87.53758770464417,207.15001670564652,2500.0,0.0655,0.41333333333333333,431.8666666666667,0.2
1664,2.3,24.0,425000,2017,39000,0.2,0.2,0.1,0.1,0.2,3995.0,1706.0,1570.0,5.0,44.0,10.3,0.04713375796178344,0.3894736842105263,0.009708737864077669,0.15224358974358973,2.2857142857142856,59.294871794871796,152.24358974358975,2250.0,0.0185,0.10857142857142857,143.25714285714287,0.1
1665,0.2,0.3,3650000,2019,6000,0.5,0.1,0.1,0.3,0.3,4633.0,1811.0,1429.0,5.0,57.0,0.1,0.1735479356193142,0.7085714285714285,0.003656307129798903,0.17517517517517517,3.586206896551724,124.12412412412412,175.17517517517518,3750.0,0.047692307692307694,0.2413793103448276,324.66206896551716,0.2
1666,1.6,2.8,4975000,2021,2610,0.5,0.1,0.1,0.3,0.3,4686.0,1810.0,1442.0,5.0,66.0,1.1,0.1393897364771151,0.67,0.004429678848283499,0.15067805123053743,4.833333333333333,100.95429432446007,150.67805123053742,4600.0,0.0346551724137931,0.25,288.93333333333334,0.2
1667,0.2,22.4,2975000,2015,87000,0.2,0.1,0.1,0.3,0.1,4886.0,1938.0,1762.0,7.0,47.5,9.3,0.14642451759364358,0.4607142857142857,0.0029985007496251873,0.18710324089542266,2.6666666666666665,86.20113598396259,187.10324089542266,2500.0,0.0645,0.37333333333333335,405.46666666666664,0.2
1668,1.4,19.2,600000,2016,92000,0.2,0.2,0.3,0.3,0.3,3995.0,1835.0,1839.0,7.0,60.0,8.0,0.04567699836867863,0.3652173913043478,0.008298755186721992,0.15405224380442062,2.5,56.26255860683188,154.0522438044206,2250.0,0.0224,0.15333333333333332,167.4,0.1
1669,2.3,14.4,114999,2012,93000,0.5,0.2,0.3,0.3,0.2,4413.0,1703.0,1550.0,5.0,44.0,5.5,0.05806451612903226,0.7758620689655172,0.010362694300518135,0.0847953216374269,2.4,65.78947368421052,84.7953216374269,2450.0,0.02142857142857143,0.06628571428571428,124.4,0.1
1670,0.7,23.0,3600000,2014,32000,0.2,0.1,0.3,0.3,0.3,5252.0,1899.0,1457.0,5.0,83.0,9.7,0.18599862731640357,0.45166666666666666,0.0028308563340410475,0.20046775810223855,2.0,90.54460407617775,200.46775810223858,2000.0,0.06775,0.3,422.6,0.2
1671,1.5,21.8,310000,2015,45000,0.5,0.2,0.1,0.3,0.2,3599.0,1495.0,1700.0,5.0,35.0,9.0,0.039411764705882354,0.7444444444444445,0.013745704467353952,0.09018036072144289,1.7714285714285714,67.13426853707415,90.18036072144288,2700.0,0.010806451612903226,0.025714285714285714,93.91428571428571,0.1
1672,0.5,4.7,585000,2015,61000,0.2,0.2,0.1,0.3,0.2,4440.0,1695.0,1495.0,5.0,40.0,1.7,0.06622073578595318,0.495,0.008048289738430584,0.13351134846461948,2.057142857142857,66.08811748998664,133.5113484646195,1850.0,0.0275,0.11428571428571428,159.9714285714286,0.3
1673,0.5,4.9,550000,2014,85000,0.2,0.2,0.1,0.3,0.2,4440.0,1695.0,1495.0,5.0,40.0,1.7,0.06622073578595318,0.495,0.008048289738430584,0.13351134846461948,2.057142857142857,66.08811748998664,133.5113484646195,1850.0,0.0275,0.11428571428571428,159.9714285714286,0.3
1674,1.5,2.4,636000,2021,35500,0.5,0.2,0.1,0.3,0.2,3995.0,1745.0,1500.0,5.0,37.0,0.9,0.05533333333333333,0.7217391304347827,0.01098901098901099,0.0960735171261487,1.5,69.34001670843776,96.0735171261487,2000.0,0.013833333333333333,0.02875,110.8,0.1
1675,0.1,0.9,1575000,2013,66000,0.2,0.1,0.1,0.3,0.2,4701.0,1826.0,1427.0,5.0,63.0,0.4,0.12403644008409251,0.46578947368421053,0.0043907793633369925,0.19308943089430894,2.4,89.9390243902439,193.08943089430895,2450.0,0.04214285714285714,0.21714285714285714,282.2,0.2
1676,2.0,11.7,18000000,2011,60000,0.5,0.1,0.3,0.2,0.3,5399.0,1948.0,1550.0,5.0,82.5,4.2,0.36774193548387096,0.7307692307692307,0.001606425702811245,0.1183252427184466,3.5,86.46844660194175,118.3252427184466,3750.0,0.10857142857142857,0.52,689.0,0.2
1677,0.6,8.8,700000,2020,25000,0.5,0.2,0.1,0.3,0.2,3995.0,1775.0,1505.0,5.0,37.0,2.8,0.05448504983388704,0.7130434782608696,0.0110803324099723,0.0960735171261487,1.4285714285714286,68.50459482038428,96.0735171261487,1800.0,0.013666666666666667,0.02738095238095238,109.48571428571428,0.1
1678,1.5,21.3,950000,2018,71000,0.2,0.2,0.3,0.3,0.2,3995.0,1790.0,1640.0,5.0,48.0,8.8,0.05426829268292683,0.445,0.008565310492505354,0.16025641025641027,2.2857142857142856,71.31410256410257,160.25641025641025,2250.0,0.02225,0.11428571428571428,156.25714285714287,0.1
1679,1.5,18.5,545000,2015,70000,0.5,0.2,0.1,0.3,0.2,3995.0,1695.0,1555.0,5.0,42.0,7.9,0.05466237942122187,0.7456140350877193,0.01084010840108401,0.09523809523809523,1.5,71.0108604845447,95.23809523809523,2000.0,0.014166666666666666,0.0285,111.6,0.1
1680,1.6,7.2,7350000,2022,17000,0.2,0.1,0.1,0.3,0.3,5063.0,1860.0,1494.0,5.0,80.0,2.4,0.1285140562248996,0.48,0.004098360655737705,0.20512820512820512,2.375,98.46153846153847,205.12820512820514,2200.0,0.05052631578947368,0.25,298.95,0.2
1681,0.4,9.0,3900000,2021,41086,0.2,0.1,0.3,0.3,0.1,4903.0,1869.0,1837.0,7.0,80.0,2.9,0.0914534567229178,0.4,0.004329004329004329,0.21042084168336672,1.75,84.16833667334669,210.42084168336675,1500.0,0.048,0.21,286.3,0.1
1682,0.6,12.0,495000,2018,45000,0.5,0.2,0.1,0.3,0.2,3765.0,1660.0,1520.0,5.0,43.0,4.4,0.053289473684210525,0.7105263157894737,0.011204481792717087,0.09523809523809523,1.5,67.66917293233082,95.23809523809523,2000.0,0.0135,0.0285,109.2,0.1
1683,1.6,2.9,6100000,2022,500,0.2,0.1,0.1,0.3,0.3,4686.0,1810.0,1442.0,5.0,66.0,1.1,0.13314840499306518,0.48,0.004098360655737705,0.20512820512820512,2.375,98.46153846153847,205.12820512820514,2200.0,0.05052631578947368,0.25,298.95,0.2
1684,0.6,8.4,675000,2017,48591,0.5,0.2,0.1,0.3,0.2,3985.0,1734.0,1505.0,5.0,45.0,2.8,0.05448504983388704,0.7130434782608696,0.0110803324099723,0.0960735171261487,1.5,68.50459482038428,96.0735171261487,2000.0,0.013666666666666667,0.02875,110.19999999999999,0.1
1685,1.6,7.0,335000,2008,140987,0.2,0.1,0.3,0.3,0.3,4818.0,1822.0,1420.0,5.0,80.0,2.4,0.13943661971830987,0.4342105263157895,0.0038095238095238095,0.1526615333110144,2.4,66.28724472715099,152.66153331101438,2450.0,0.047142857142857146,0.26057142857142856,325.2,0.2
1686,1.5,18.8,365000,2013,68000,0.5,0.2,0.1,0.3,0.2,3850.0,1695.0,1530.0,5.0,42.0,7.9,0.05555555555555555,0.7456140350877193,0.01084010840108401,0.09523809523809523,1.5,71.0108604845447,95.23809523809523,2000.0,0.014166666666666666,0.0285,111.6,0.1
1687,0.6,24.1,175000,2009,23000,0.5,0.2,0.1,0.3,0.2,3565.0,1595.0,1550.0,5.0,35.0,10.4,0.043225806451612905,0.6767676767676768,0.013333333333333334,0.09116022099447514,2.4,61.69429097605893,91.16022099447513,2450.0,0.015952380952380954,0.05657142857142857,103.8,0.1
1688,0.6,8.7,591000,2017,20281,0.5,0.2,0.1,0.3,0.2,3985.0,1734.0,1505.0,5.0,45.0,2.8,0.05448504983388704,0.7130434782608696,0.0110803324099723,0.0960735171261487,1.5,68.50459482038428,96.0735171261487,2000.0,0.013666666666666667,0.02875,110.19999999999999,0.1
1689,1.6,14.2,3200000,2014,60514,0.2,0.1,0.1,0.3,0.1,4781.0,1911.0,1774.0,5.0,95.0,5.3,0.1319052987598647,0.4373831775700935,0.0032336297493936943,0.17910947438901909,2.4,78.33947104117844,179.10947438901908,2450.0,0.055714285714285716,0.3057142857142857,378.4,0.2
1690,2.5,15.1,1095000,2020,43260,0.5,0.1,0.1,0.3,0.2,3971.0,1682.0,1469.0,5.0,45.0,6.1,0.07011572498298162,0.5885714285714285,0.008264462809917356,0.14619883040935672,3.3333333333333335,86.04845446950709,146.19883040935673,3500.0,0.0206,0.11666666666666667,165.13333333333335,0.3
1691,0.6,20.8,750000,2018,16339,0.5,0.2,0.1,0.3,0.2,4375.0,1700.0,1475.0,5.0,43.0,8.7,0.08203389830508474,0.7658227848101266,0.007677543186180422,0.09930861093651791,1.5,76.05279698302954,99.30861093651791,2100.0,0.019206349206349206,0.03761904761904762,150.8,0.1
1692,1.1,7.7,5200000,2020,14000,0.3,0.1,0.1,0.3,0.2,4975.0,1865.0,1445.0,5.0,50.0,2.5,0.12179930795847752,0.7963800904977375,0.0053404539385847796,0.08886208283071974,1.5833333333333333,70.76799356654604,88.86208283071974,2100.0,0.030877192982456142,0.06138888888888889,209.83333333333334,0.2
1693,0.6,1.5,2140000,2021,24000,0.5,0.1,0.1,0.3,0.2,4500.0,1790.0,1675.0,6.0,50.0,0.6,0.09373134328358208,0.8219895287958116,0.006042296072507553,0.09554777388694347,1.4444444444444444,78.5392696348174,95.54777388694346,2000.0,0.024153846153846154,0.042444444444444444,185.04444444444448,0.1
1694,2.4,10.6,1375000,2013,83000,0.2,0.2,0.1,0.3,0.3,4705.0,1840.0,1850.0,7.0,80.0,3.6,0.09135135135135135,0.49271137026239065,0.004705882352941176,0.11502347417840375,2.5714285714285716,56.67337357478202,115.02347417840375,2200.0,0.04694444444444444,0.245,264.31428571428575,0.3
1695,1.5,18.8,409999,2014,55000,0.5,0.2,0.1,0.3,0.2,3850.0,1695.0,1530.0,5.0,42.0,7.9,0.05555555555555555,0.7456140350877193,0.01084010840108401,0.09523809523809523,1.5,71.0108604845447,95.23809523809523,2000.0,0.014166666666666666,0.0285,111.6,0.1
1696,1.5,22.0,235000,2012,37000,0.5,0.2,0.3,0.3,0.2,3539.0,1495.0,1700.0,5.0,35.0,9.0,0.04,0.7555555555555555,0.013605442176870748,0.09018036072144289,2.4,68.13627254509018,90.18036072144288,2450.0,0.01619047619047619,0.05142857142857143,100.8,0.1
1697,0.1,15.7,2450000,2014,48600,0.2,0.1,0.3,0.3,0.1,5089.0,1983.0,1737.0,6.0,100.0,6.4,0.13874496257915947,0.4381818181818182,0.003142183817753339,0.18537243006403775,2.1714285714285713,81.226828446242,185.37243006403773,2050.0,0.06342105263157895,0.3142857142857143,386.31428571428575,0.2
1698,1.5,18.4,245000,2009,114000,0.5,0.2,0.1,0.3,0.2,4160.0,1690.0,1530.0,5.0,43.0,7.9,0.056862745098039215,0.7699115044247787,0.0106951871657754,0.08705701078582434,2.4,67.02619414483821,87.05701078582435,2450.0,0.020714285714285713,0.06457142857142857,121.4,0.1
1699,0.2,22.2,3675000,2020,37180,0.2,0.1,0.1,0.3,0.3,4454.0,2044.0,1545.0,5.0,63.0,9.1,0.11909385113268608,0.5257142857142857,0.004434589800443459,0.17543859649122806,2.2857142857142856,92.23057644110276,175.43859649122805,2250.0,0.046,0.2,273.2571428571428,0.2
